File,Class
new_1_1.mat,0.999904
new_1_2.mat,0.999996
new_1_3.mat,0.999909
new_1_4.mat,1.000000
new_1_5.mat,0.926757
new_1_6.mat,0.999987
new_1_7.mat,0.926757
new_1_8.mat,1.000000
new_1_9.mat,0.999999
new_1_10.mat,0.926757
new_1_11.mat,1.000000
new_1_12.mat,0.926757
new_1_13.mat,0.926757
new_1_14.mat,0.997557
new_1_15.mat,0.839866
new_1_16.mat,0.999969
new_1_17.mat,0.926757
new_1_18.mat,0.926757
new_1_19.mat,1.000000
new_1_20.mat,0.926757
new_1_21.mat,0.926757
new_1_22.mat,0.926757
new_1_23.mat,0.926757
new_1_24.mat,0.999965
new_1_25.mat,0.987524
new_1_26.mat,0.942458
new_1_27.mat,0.999999
new_1_28.mat,1.000000
new_1_29.mat,0.999870
new_1_30.mat,1.000000
new_1_31.mat,0.999907
new_1_32.mat,0.802850
new_1_33.mat,0.999903
new_1_34.mat,0.926757
new_1_35.mat,0.999985
new_1_36.mat,0.962094
new_1_37.mat,0.999966
new_1_38.mat,1.000000
new_1_39.mat,0.926757
new_1_40.mat,0.752049
new_1_41.mat,0.999995
new_1_42.mat,0.926757
new_1_43.mat,0.883567
new_1_44.mat,0.999997
new_1_45.mat,0.926757
new_1_46.mat,0.735677
new_1_47.mat,0.999290
new_1_48.mat,0.999193
new_1_49.mat,0.926757
new_1_50.mat,0.999999
new_1_51.mat,0.395761
new_1_52.mat,1.000000
new_1_53.mat,0.952386
new_1_54.mat,0.820433
new_1_55.mat,0.999974
new_1_56.mat,0.999853
new_1_57.mat,0.926757
new_1_58.mat,0.457431
new_1_59.mat,0.999988
new_1_60.mat,0.990669
new_1_61.mat,0.999945
new_1_62.mat,0.679170
new_1_63.mat,0.947689
new_1_64.mat,0.999746
new_1_65.mat,0.999978
new_1_66.mat,0.999985
new_1_67.mat,0.999859
new_1_68.mat,0.999997
new_1_69.mat,0.999941
new_1_70.mat,0.991573
new_1_71.mat,1.000000
new_1_72.mat,0.926757
new_1_73.mat,0.999987
new_1_74.mat,0.999917
new_1_75.mat,1.000000
new_1_76.mat,0.999997
new_1_77.mat,0.435690
new_1_78.mat,0.926757
new_1_79.mat,0.690111
new_1_80.mat,0.999633
new_1_81.mat,0.999911
new_1_82.mat,0.999954
new_1_83.mat,0.957263
new_1_84.mat,0.926757
new_1_85.mat,0.926757
new_1_86.mat,0.979021
new_1_87.mat,0.926757
new_1_88.mat,0.995529
new_1_89.mat,0.999999
new_1_90.mat,0.298097
new_1_91.mat,0.999954
new_1_92.mat,0.649286
new_1_93.mat,0.999997
new_1_94.mat,0.926757
new_1_95.mat,0.774367
new_1_96.mat,0.999999
new_1_97.mat,0.998259
new_1_98.mat,0.926757
new_1_99.mat,0.591867
new_1_100.mat,0.999352
new_1_101.mat,0.815710
new_1_102.mat,0.999838
new_1_103.mat,0.999626
new_1_104.mat,0.998004
new_1_105.mat,0.877906
new_1_106.mat,0.966513
new_1_107.mat,0.999995
new_1_108.mat,0.926757
new_1_109.mat,0.999560
new_1_110.mat,1.000000
new_1_111.mat,0.879675
new_1_112.mat,0.943994
new_1_113.mat,0.999942
new_1_114.mat,0.895618
new_1_115.mat,0.999998
new_1_116.mat,0.995099
new_1_117.mat,0.999908
new_1_118.mat,0.926757
new_1_119.mat,0.926757
new_1_120.mat,0.989567
new_1_121.mat,0.999965
new_1_122.mat,0.999614
new_1_123.mat,1.000000
new_1_124.mat,0.999999
new_1_125.mat,0.999914
new_1_126.mat,0.508655
new_1_127.mat,0.691424
new_1_128.mat,0.689927
new_1_129.mat,0.999998
new_1_130.mat,0.957373
new_1_131.mat,0.926757
new_1_132.mat,0.999989
new_1_133.mat,0.999985
new_1_134.mat,0.999973
new_1_135.mat,0.999976
new_1_136.mat,0.821028
new_1_137.mat,0.999984
new_1_138.mat,0.892546
new_1_139.mat,0.810859
new_1_140.mat,0.999885
new_1_141.mat,0.996948
new_1_142.mat,0.999999
new_1_143.mat,0.999049
new_1_144.mat,0.999424
new_1_145.mat,0.999824
new_1_146.mat,0.999901
new_1_147.mat,0.926757
new_1_148.mat,0.999720
new_1_149.mat,0.972077
new_1_150.mat,0.902695
new_1_151.mat,0.999336
new_1_152.mat,0.680248
new_1_153.mat,0.926757
new_1_154.mat,0.999991
new_1_155.mat,1.000000
new_1_156.mat,1.000000
new_1_157.mat,0.761288
new_1_158.mat,1.000000
new_1_159.mat,0.999999
new_1_160.mat,1.000000
new_1_161.mat,0.999995
new_1_162.mat,1.000000
new_1_163.mat,0.999948
new_1_164.mat,0.999999
new_1_165.mat,0.926757
new_1_166.mat,0.999997
new_1_167.mat,0.926757
new_1_168.mat,0.483546
new_1_169.mat,0.996266
new_1_170.mat,0.899014
new_1_171.mat,0.211561
new_1_172.mat,0.561167
new_1_173.mat,0.999765
new_1_174.mat,0.616788
new_1_175.mat,0.999998
new_1_176.mat,0.926757
new_1_177.mat,0.926757
new_1_178.mat,0.999557
new_1_179.mat,0.486745
new_1_180.mat,0.999920
new_1_181.mat,0.999953
new_1_182.mat,0.999636
new_1_183.mat,0.926757
new_1_184.mat,0.926757
new_1_185.mat,1.000000
new_1_186.mat,0.999993
new_1_187.mat,1.000000
new_1_188.mat,0.893037
new_1_189.mat,1.000000
new_1_190.mat,0.926757
new_1_191.mat,0.897261
new_1_192.mat,0.471622
new_1_193.mat,0.725457
new_1_194.mat,0.999646
new_1_195.mat,1.000000
new_1_196.mat,0.999957
new_1_197.mat,0.926757
new_1_198.mat,0.871483
new_1_199.mat,0.993953
new_1_200.mat,1.000000
new_1_201.mat,0.999923
new_1_202.mat,0.926757
new_1_203.mat,0.997643
new_1_204.mat,0.999982
new_1_205.mat,0.926757
new_1_206.mat,0.999817
new_1_207.mat,0.631128
new_1_208.mat,0.999780
new_1_209.mat,0.926757
new_1_210.mat,1.000000
new_1_211.mat,1.000000
new_1_212.mat,1.000000
new_1_213.mat,0.999915
new_1_214.mat,0.901661
new_1_215.mat,0.999803
new_1_216.mat,0.999904
new_2_1.mat,0.999907
new_2_2.mat,0.981271
new_2_3.mat,0.999874
new_2_4.mat,1.000000
new_2_5.mat,0.999839
new_2_6.mat,1.000000
new_2_7.mat,0.999999
new_2_8.mat,0.999923
new_2_9.mat,0.994989
new_2_10.mat,1.000000
new_2_11.mat,0.883395
new_2_12.mat,0.999999
new_2_13.mat,0.999995
new_2_14.mat,1.000000
new_2_15.mat,1.000000
new_2_16.mat,0.983147
new_2_17.mat,0.999898
new_2_18.mat,0.999999
new_2_19.mat,0.999992
new_2_20.mat,0.953051
new_2_21.mat,0.999995
new_2_22.mat,0.999976
new_2_23.mat,0.999994
new_2_24.mat,0.999954
new_2_25.mat,0.996562
new_2_26.mat,0.979610
new_2_27.mat,1.000000
new_2_28.mat,1.000000
new_2_29.mat,1.000000
new_2_30.mat,1.000000
new_2_31.mat,1.000000
new_2_32.mat,0.999930
new_2_33.mat,0.999999
new_2_34.mat,0.999982
new_2_35.mat,1.000000
new_2_36.mat,1.000000
new_2_37.mat,0.999980
new_2_38.mat,1.000000
new_2_39.mat,0.998246
new_2_40.mat,0.975943
new_2_41.mat,0.999954
new_2_42.mat,0.979610
new_2_43.mat,1.000000
new_2_44.mat,1.000000
new_2_45.mat,0.905182
new_2_46.mat,0.999956
new_2_47.mat,1.000000
new_2_48.mat,0.999987
new_2_49.mat,0.929024
new_2_50.mat,0.999997
new_2_51.mat,0.999960
new_2_52.mat,0.999999
new_2_53.mat,1.000000
new_2_54.mat,0.999989
new_2_55.mat,1.000000
new_2_56.mat,0.994430
new_2_57.mat,0.979610
new_2_58.mat,0.979610
new_2_59.mat,0.975949
new_2_60.mat,0.990242
new_2_61.mat,0.999980
new_2_62.mat,0.999973
new_2_63.mat,0.999878
new_2_64.mat,0.999605
new_2_65.mat,0.999936
new_2_66.mat,0.999995
new_2_67.mat,0.999941
new_2_68.mat,0.999995
new_2_69.mat,0.999340
new_2_70.mat,0.998120
new_2_71.mat,1.000000
new_2_72.mat,0.872448
new_2_73.mat,0.981776
new_2_74.mat,0.999866
new_2_75.mat,0.999909
new_2_76.mat,1.000000
new_2_77.mat,1.000000
new_2_78.mat,1.000000
new_2_79.mat,0.999076
new_2_80.mat,0.999992
new_2_81.mat,0.728201
new_2_82.mat,1.000000
new_2_83.mat,1.000000
new_2_84.mat,0.999973
new_2_85.mat,0.999996
new_2_86.mat,0.999980
new_2_87.mat,1.000000
new_2_88.mat,1.000000
new_2_89.mat,1.000000
new_2_90.mat,1.000000
new_2_91.mat,0.999756
new_2_92.mat,0.999991
new_2_93.mat,0.999705
new_2_94.mat,0.979610
new_2_95.mat,0.964894
new_2_96.mat,1.000000
new_2_97.mat,0.692517
new_2_98.mat,0.999996
new_2_99.mat,1.000000
new_2_100.mat,0.999988
new_2_101.mat,0.999253
new_2_102.mat,1.000000
new_2_103.mat,0.995546
new_2_104.mat,0.999999
new_2_105.mat,0.999217
new_2_106.mat,0.981284
new_2_107.mat,0.911315
new_2_108.mat,0.999991
new_2_109.mat,0.983526
new_2_110.mat,1.000000
new_2_111.mat,1.000000
new_2_112.mat,0.998863
new_2_113.mat,1.000000
new_2_114.mat,1.000000
new_2_115.mat,1.000000
new_2_116.mat,0.999901
new_2_117.mat,0.999150
new_2_118.mat,1.000000
new_2_119.mat,0.999988
new_2_120.mat,0.998496
new_2_121.mat,0.995497
new_2_122.mat,0.996522
new_2_123.mat,0.988546
new_2_124.mat,0.982082
new_2_125.mat,0.858902
new_2_126.mat,0.970201
new_2_127.mat,0.998588
new_2_128.mat,0.999999
new_2_129.mat,1.000000
new_2_130.mat,0.991776
new_2_131.mat,0.999997
new_2_132.mat,0.935765
new_2_133.mat,1.000000
new_2_134.mat,0.996642
new_2_135.mat,1.000000
new_2_136.mat,1.000000
new_2_137.mat,1.000000
new_2_138.mat,1.000000
new_2_139.mat,0.995913
new_2_140.mat,0.979610
new_2_141.mat,0.904420
new_2_142.mat,0.979610
new_2_143.mat,1.000000
new_2_144.mat,0.896498
new_2_145.mat,1.000000
new_2_146.mat,0.999886
new_2_147.mat,0.476744
new_2_148.mat,0.979610
new_2_149.mat,0.946663
new_2_150.mat,1.000000
new_2_151.mat,1.000000
new_2_152.mat,1.000000
new_2_153.mat,0.999328
new_2_154.mat,1.000000
new_2_155.mat,0.999962
new_2_156.mat,1.000000
new_2_157.mat,0.999917
new_2_158.mat,1.000000
new_2_159.mat,0.999999
new_2_160.mat,0.999015
new_2_161.mat,0.999998
new_2_162.mat,0.999994
new_2_163.mat,0.999737
new_2_164.mat,1.000000
new_2_165.mat,0.999977
new_2_166.mat,0.999999
new_2_167.mat,1.000000
new_2_168.mat,1.000000
new_2_169.mat,0.995148
new_2_170.mat,1.000000
new_2_171.mat,0.999998
new_2_172.mat,0.999990
new_2_173.mat,0.989327
new_2_174.mat,0.999936
new_2_175.mat,1.000000
new_2_176.mat,0.979610
new_2_177.mat,1.000000
new_2_178.mat,0.880393
new_2_179.mat,1.000000
new_2_180.mat,0.999997
new_2_181.mat,0.999992
new_2_182.mat,1.000000
new_2_183.mat,0.999996
new_2_184.mat,0.979885
new_2_185.mat,1.000000
new_2_186.mat,0.937422
new_2_187.mat,0.996302
new_2_188.mat,0.990061
new_2_189.mat,1.000000
new_2_190.mat,0.985058
new_2_191.mat,1.000000
new_2_192.mat,0.973508
new_2_193.mat,0.999975
new_2_194.mat,1.000000
new_2_195.mat,0.998397
new_2_196.mat,1.000000
new_2_197.mat,0.999998
new_2_198.mat,0.999988
new_2_199.mat,0.999393
new_2_200.mat,1.000000
new_2_201.mat,0.999991
new_2_202.mat,0.992236
new_2_203.mat,0.998178
new_2_204.mat,0.830644
new_2_205.mat,1.000000
new_2_206.mat,0.996088
new_2_207.mat,0.999998
new_2_208.mat,1.000000
new_2_209.mat,1.000000
new_2_210.mat,1.000000
new_2_211.mat,1.000000
new_2_212.mat,1.000000
new_2_213.mat,0.999979
new_2_214.mat,0.998459
new_2_215.mat,0.999968
new_2_216.mat,0.999825
new_2_217.mat,1.000000
new_2_218.mat,0.977412
new_2_219.mat,0.999999
new_2_220.mat,0.999999
new_2_221.mat,0.977069
new_2_222.mat,0.999994
new_2_223.mat,0.999991
new_2_224.mat,0.999240
new_2_225.mat,1.000000
new_2_226.mat,0.831221
new_2_227.mat,0.979610
new_2_228.mat,0.999427
new_2_229.mat,0.997553
new_2_230.mat,1.000000
new_2_231.mat,1.000000
new_2_232.mat,0.993977
new_2_233.mat,0.999976
new_2_234.mat,0.999998
new_2_235.mat,1.000000
new_2_236.mat,0.999995
new_2_237.mat,0.971823
new_2_238.mat,1.000000
new_2_239.mat,0.999996
new_2_240.mat,0.997041
new_2_241.mat,0.935949
new_2_242.mat,0.999999
new_2_243.mat,0.999992
new_2_244.mat,0.999998
new_2_245.mat,0.999954
new_2_246.mat,1.000000
new_2_247.mat,1.000000
new_2_248.mat,0.993980
new_2_249.mat,1.000000
new_2_250.mat,0.999623
new_2_251.mat,0.999491
new_2_252.mat,0.999997
new_2_253.mat,1.000000
new_2_254.mat,0.889323
new_2_255.mat,1.000000
new_2_256.mat,0.999998
new_2_257.mat,0.999992
new_2_258.mat,0.999992
new_2_259.mat,0.936562
new_2_260.mat,1.000000
new_2_261.mat,0.999994
new_2_262.mat,1.000000
new_2_263.mat,0.999993
new_2_264.mat,0.999983
new_2_265.mat,1.000000
new_2_266.mat,1.000000
new_2_267.mat,1.000000
new_2_268.mat,0.999987
new_2_269.mat,1.000000
new_2_270.mat,0.999997
new_2_271.mat,1.000000
new_2_272.mat,1.000000
new_2_273.mat,0.823668
new_2_274.mat,0.925845
new_2_275.mat,0.905291
new_2_276.mat,0.999338
new_2_277.mat,1.000000
new_2_278.mat,0.992647
new_2_279.mat,0.999423
new_2_280.mat,0.871249
new_2_281.mat,0.965286
new_2_282.mat,0.983758
new_2_283.mat,0.999996
new_2_284.mat,0.999683
new_2_285.mat,0.964031
new_2_286.mat,0.994426
new_2_287.mat,0.979610
new_2_288.mat,0.596345
new_2_289.mat,1.000000
new_2_290.mat,0.999688
new_2_291.mat,1.000000
new_2_292.mat,0.999828
new_2_293.mat,0.999999
new_2_294.mat,1.000000
new_2_295.mat,0.999689
new_2_296.mat,0.988787
new_2_297.mat,0.999999
new_2_298.mat,0.979610
new_2_299.mat,1.000000
new_2_300.mat,0.999607
new_2_301.mat,0.999977
new_2_302.mat,0.999997
new_2_303.mat,1.000000
new_2_304.mat,0.998360
new_2_305.mat,0.999998
new_2_306.mat,1.000000
new_2_307.mat,1.000000
new_2_308.mat,1.000000
new_2_309.mat,1.000000
new_2_310.mat,1.000000
new_2_311.mat,1.000000
new_2_312.mat,1.000000
new_2_313.mat,1.000000
new_2_314.mat,0.999997
new_2_315.mat,1.000000
new_2_316.mat,0.999995
new_2_317.mat,0.988997
new_2_318.mat,1.000000
new_2_319.mat,0.999980
new_2_320.mat,1.000000
new_2_321.mat,1.000000
new_2_322.mat,0.996582
new_2_323.mat,0.999995
new_2_324.mat,0.769774
new_2_325.mat,0.999997
new_2_326.mat,0.999999
new_2_327.mat,0.990117
new_2_328.mat,0.999969
new_2_329.mat,0.812556
new_2_330.mat,0.999999
new_2_331.mat,1.000000
new_2_332.mat,0.999857
new_2_333.mat,1.000000
new_2_334.mat,0.999989
new_2_335.mat,0.702755
new_2_336.mat,0.992915
new_2_337.mat,0.956054
new_2_338.mat,0.999950
new_2_339.mat,0.999950
new_2_340.mat,0.970902
new_2_341.mat,0.926214
new_2_342.mat,1.000000
new_2_343.mat,0.917062
new_2_344.mat,0.992256
new_2_345.mat,0.999230
new_2_346.mat,1.000000
new_2_347.mat,0.999750
new_2_348.mat,1.000000
new_2_349.mat,0.975585
new_2_350.mat,0.999570
new_2_351.mat,0.999873
new_2_352.mat,1.000000
new_2_353.mat,1.000000
new_2_354.mat,1.000000
new_2_355.mat,0.988860
new_2_356.mat,1.000000
new_2_357.mat,0.810618
new_2_358.mat,0.999996
new_2_359.mat,0.988785
new_2_360.mat,0.999632
new_2_361.mat,0.999995
new_2_362.mat,0.996821
new_2_363.mat,1.000000
new_2_364.mat,1.000000
new_2_365.mat,0.999939
new_2_366.mat,1.000000
new_2_367.mat,0.999958
new_2_368.mat,0.979610
new_2_369.mat,0.999996
new_2_370.mat,0.990828
new_2_371.mat,1.000000
new_2_372.mat,0.994104
new_2_373.mat,0.999736
new_2_374.mat,0.999998
new_2_375.mat,0.999999
new_2_376.mat,0.999064
new_2_377.mat,0.998332
new_2_378.mat,0.956131
new_2_379.mat,1.000000
new_2_380.mat,1.000000
new_2_381.mat,0.996444
new_2_382.mat,1.000000
new_2_383.mat,0.992030
new_2_384.mat,0.999332
new_2_385.mat,1.000000
new_2_386.mat,0.999621
new_2_387.mat,0.999883
new_2_388.mat,0.999961
new_2_389.mat,1.000000
new_2_390.mat,1.000000
new_2_391.mat,0.999372
new_2_392.mat,0.999165
new_2_393.mat,0.941657
new_2_394.mat,1.000000
new_2_395.mat,0.916801
new_2_396.mat,0.999390
new_2_397.mat,1.000000
new_2_398.mat,0.981443
new_2_399.mat,0.820775
new_2_400.mat,0.889211
new_2_401.mat,0.987092
new_2_402.mat,1.000000
new_2_403.mat,1.000000
new_2_404.mat,0.999998
new_2_405.mat,0.998519
new_2_406.mat,0.999984
new_2_407.mat,1.000000
new_2_408.mat,0.839498
new_2_409.mat,1.000000
new_2_410.mat,0.694693
new_2_411.mat,1.000000
new_2_412.mat,1.000000
new_2_413.mat,1.000000
new_2_414.mat,0.999682
new_2_415.mat,0.999926
new_2_416.mat,0.999999
new_2_417.mat,1.000000
new_2_418.mat,0.983681
new_2_419.mat,1.000000
new_2_420.mat,0.979610
new_2_421.mat,1.000000
new_2_422.mat,0.999000
new_2_423.mat,0.978614
new_2_424.mat,0.999993
new_2_425.mat,0.999982
new_2_426.mat,0.969488
new_2_427.mat,0.908984
new_2_428.mat,0.776944
new_2_429.mat,0.999565
new_2_430.mat,0.999972
new_2_431.mat,1.000000
new_2_432.mat,0.999985
new_2_433.mat,0.979610
new_2_434.mat,0.997701
new_2_435.mat,0.999922
new_2_436.mat,1.000000
new_2_437.mat,0.999999
new_2_438.mat,0.999794
new_2_439.mat,0.999999
new_2_440.mat,0.998259
new_2_441.mat,0.999110
new_2_442.mat,0.940276
new_2_443.mat,1.000000
new_2_444.mat,1.000000
new_2_445.mat,1.000000
new_2_446.mat,1.000000
new_2_447.mat,0.999761
new_2_448.mat,0.999961
new_2_449.mat,1.000000
new_2_450.mat,1.000000
new_2_451.mat,0.944579
new_2_452.mat,1.000000
new_2_453.mat,0.999998
new_2_454.mat,0.979610
new_2_455.mat,0.999999
new_2_456.mat,0.850992
new_2_457.mat,0.999999
new_2_458.mat,0.960234
new_2_459.mat,0.931114
new_2_460.mat,0.999824
new_2_461.mat,0.979610
new_2_462.mat,0.999999
new_2_463.mat,1.000000
new_2_464.mat,0.999999
new_2_465.mat,0.991745
new_2_466.mat,0.999683
new_2_467.mat,0.983013
new_2_468.mat,1.000000
new_2_469.mat,0.995385
new_2_470.mat,1.000000
new_2_471.mat,1.000000
new_2_472.mat,1.000000
new_2_473.mat,0.999999
new_2_474.mat,1.000000
new_2_475.mat,0.911479
new_2_476.mat,0.979610
new_2_477.mat,1.000000
new_2_478.mat,0.999765
new_2_479.mat,1.000000
new_2_480.mat,0.999998
new_2_481.mat,0.999999
new_2_482.mat,0.989371
new_2_483.mat,1.000000
new_2_484.mat,0.979610
new_2_485.mat,0.999955
new_2_486.mat,1.000000
new_2_487.mat,0.999951
new_2_488.mat,1.000000
new_2_489.mat,0.999986
new_2_490.mat,1.000000
new_2_491.mat,0.999991
new_2_492.mat,0.618893
new_2_493.mat,1.000000
new_2_494.mat,0.999964
new_2_495.mat,1.000000
new_2_496.mat,0.999962
new_2_497.mat,0.999994
new_2_498.mat,0.999956
new_2_499.mat,0.979610
new_2_500.mat,0.999582
new_2_501.mat,0.979610
new_2_502.mat,0.999943
new_2_503.mat,1.000000
new_2_504.mat,1.000000
new_2_505.mat,0.999997
new_2_506.mat,1.000000
new_2_507.mat,0.999987
new_2_508.mat,0.930939
new_2_509.mat,0.974078
new_2_510.mat,1.000000
new_2_511.mat,0.999999
new_2_512.mat,0.999998
new_2_513.mat,0.999998
new_2_514.mat,1.000000
new_2_515.mat,0.989157
new_2_516.mat,0.983038
new_2_517.mat,0.999989
new_2_518.mat,0.999999
new_2_519.mat,1.000000
new_2_520.mat,0.999253
new_2_521.mat,0.998990
new_2_522.mat,0.945295
new_2_523.mat,0.896514
new_2_524.mat,1.000000
new_2_525.mat,1.000000
new_2_526.mat,1.000000
new_2_527.mat,1.000000
new_2_528.mat,0.931017
new_2_529.mat,1.000000
new_2_530.mat,0.971693
new_2_531.mat,0.978322
new_2_532.mat,0.996474
new_2_533.mat,1.000000
new_2_534.mat,0.999966
new_2_535.mat,0.999997
new_2_536.mat,1.000000
new_2_537.mat,0.979610
new_2_538.mat,1.000000
new_2_539.mat,0.999997
new_2_540.mat,1.000000
new_2_541.mat,1.000000
new_2_542.mat,0.988783
new_2_543.mat,1.000000
new_2_544.mat,0.999994
new_2_545.mat,0.893303
new_2_546.mat,1.000000
new_2_547.mat,1.000000
new_2_548.mat,1.000000
new_2_549.mat,0.999995
new_2_550.mat,0.790834
new_2_551.mat,0.999988
new_2_552.mat,1.000000
new_2_553.mat,1.000000
new_2_554.mat,0.965991
new_2_555.mat,0.928178
new_2_556.mat,1.000000
new_2_557.mat,1.000000
new_2_558.mat,1.000000
new_2_559.mat,0.952872
new_2_560.mat,1.000000
new_2_561.mat,0.999995
new_2_562.mat,1.000000
new_2_563.mat,1.000000
new_2_564.mat,0.413621
new_2_565.mat,1.000000
new_2_566.mat,0.998812
new_2_567.mat,0.965836
new_2_568.mat,0.999987
new_2_569.mat,0.999534
new_2_570.mat,1.000000
new_2_571.mat,0.999974
new_2_572.mat,0.999998
new_2_573.mat,0.999995
new_2_574.mat,1.000000
new_2_575.mat,1.000000
new_2_576.mat,0.999951
new_2_577.mat,0.999958
new_2_578.mat,0.999934
new_2_579.mat,1.000000
new_2_580.mat,0.999997
new_2_581.mat,1.000000
new_2_582.mat,0.943508
new_2_583.mat,0.947192
new_2_584.mat,0.999999
new_2_585.mat,1.000000
new_2_586.mat,0.999393
new_2_587.mat,0.996065
new_2_588.mat,0.989025
new_2_589.mat,0.979610
new_2_590.mat,1.000000
new_2_591.mat,0.999398
new_2_592.mat,1.000000
new_2_593.mat,1.000000
new_2_594.mat,0.999913
new_2_595.mat,0.964547
new_2_596.mat,0.906934
new_2_597.mat,1.000000
new_2_598.mat,0.999519
new_2_599.mat,0.999906
new_2_600.mat,0.998072
new_2_601.mat,0.999995
new_2_602.mat,0.768516
new_2_603.mat,1.000000
new_2_604.mat,1.000000
new_2_605.mat,0.996904
new_2_606.mat,0.687602
new_2_607.mat,0.996332
new_2_608.mat,0.999998
new_2_609.mat,0.994106
new_2_610.mat,0.752190
new_2_611.mat,0.999696
new_2_612.mat,1.000000
new_2_613.mat,1.000000
new_2_614.mat,1.000000
new_2_615.mat,0.999891
new_2_616.mat,0.999999
new_2_617.mat,0.903157
new_2_618.mat,0.999994
new_2_619.mat,0.980883
new_2_620.mat,1.000000
new_2_621.mat,0.999935
new_2_622.mat,1.000000
new_2_623.mat,0.999996
new_2_624.mat,1.000000
new_2_625.mat,0.782446
new_2_626.mat,0.999973
new_2_627.mat,0.968537
new_2_628.mat,0.999330
new_2_629.mat,1.000000
new_2_630.mat,0.999999
new_2_631.mat,0.999992
new_2_632.mat,0.995510
new_2_633.mat,0.999982
new_2_634.mat,0.999997
new_2_635.mat,0.999559
new_2_636.mat,0.981707
new_2_637.mat,1.000000
new_2_638.mat,0.999996
new_2_639.mat,1.000000
new_2_640.mat,0.942674
new_2_641.mat,1.000000
new_2_642.mat,0.999827
new_2_643.mat,0.841599
new_2_644.mat,1.000000
new_2_645.mat,0.999979
new_2_646.mat,0.999995
new_2_647.mat,1.000000
new_2_648.mat,1.000000
new_2_649.mat,1.000000
new_2_650.mat,1.000000
new_2_651.mat,1.000000
new_2_652.mat,0.961957
new_2_653.mat,0.999990
new_2_654.mat,1.000000
new_2_655.mat,0.999682
new_2_656.mat,0.953280
new_2_657.mat,0.762056
new_2_658.mat,0.999870
new_2_659.mat,0.999998
new_2_660.mat,1.000000
new_2_661.mat,0.979610
new_2_662.mat,1.000000
new_2_663.mat,1.000000
new_2_664.mat,0.919461
new_2_665.mat,0.999996
new_2_666.mat,0.983155
new_2_667.mat,1.000000
new_2_668.mat,0.851932
new_2_669.mat,1.000000
new_2_670.mat,0.998662
new_2_671.mat,0.999999
new_2_672.mat,1.000000
new_2_673.mat,1.000000
new_2_674.mat,0.999992
new_2_675.mat,0.999973
new_2_676.mat,1.000000
new_2_677.mat,1.000000
new_2_678.mat,1.000000
new_2_679.mat,0.978723
new_2_680.mat,1.000000
new_2_681.mat,1.000000
new_2_682.mat,0.998710
new_2_683.mat,0.999999
new_2_684.mat,1.000000
new_2_685.mat,0.999145
new_2_686.mat,0.996148
new_2_687.mat,0.999865
new_2_688.mat,0.974983
new_2_689.mat,0.999559
new_2_690.mat,0.999999
new_2_691.mat,1.000000
new_2_692.mat,1.000000
new_2_693.mat,0.993949
new_2_694.mat,0.999956
new_2_695.mat,0.669956
new_2_696.mat,1.000000
new_2_697.mat,0.999994
new_2_698.mat,1.000000
new_2_699.mat,0.999999
new_2_700.mat,1.000000
new_2_701.mat,0.999994
new_2_702.mat,1.000000
new_2_703.mat,0.974676
new_2_704.mat,1.000000
new_2_705.mat,0.999997
new_2_706.mat,0.920124
new_2_707.mat,0.979487
new_2_708.mat,0.999716
new_2_709.mat,0.998614
new_2_710.mat,1.000000
new_2_711.mat,0.999876
new_2_712.mat,1.000000
new_2_713.mat,0.735033
new_2_714.mat,1.000000
new_2_715.mat,1.000000
new_2_716.mat,0.861703
new_2_717.mat,0.997377
new_2_718.mat,0.839839
new_2_719.mat,0.971171
new_2_720.mat,0.999999
new_2_721.mat,1.000000
new_2_722.mat,1.000000
new_2_723.mat,0.999572
new_2_724.mat,0.880397
new_2_725.mat,1.000000
new_2_726.mat,1.000000
new_2_727.mat,1.000000
new_2_728.mat,1.000000
new_2_729.mat,0.999983
new_2_730.mat,0.999999
new_2_731.mat,0.999974
new_2_732.mat,1.000000
new_2_733.mat,0.999963
new_2_734.mat,0.852859
new_2_735.mat,1.000000
new_2_736.mat,0.999976
new_2_737.mat,0.999996
new_2_738.mat,0.999948
new_2_739.mat,0.999994
new_2_740.mat,0.979610
new_2_741.mat,0.990866
new_2_742.mat,0.996866
new_2_743.mat,0.999982
new_2_744.mat,0.987555
new_2_745.mat,0.999988
new_2_746.mat,1.000000
new_2_747.mat,0.989225
new_2_748.mat,1.000000
new_2_749.mat,0.999925
new_2_750.mat,0.992504
new_2_751.mat,0.996282
new_2_752.mat,0.937673
new_2_753.mat,0.999906
new_2_754.mat,0.995393
new_2_755.mat,0.999885
new_2_756.mat,0.987006
new_2_757.mat,0.946360
new_2_758.mat,1.000000
new_2_759.mat,0.999464
new_2_760.mat,1.000000
new_2_761.mat,1.000000
new_2_762.mat,0.999996
new_2_763.mat,1.000000
new_2_764.mat,0.388161
new_2_765.mat,1.000000
new_2_766.mat,0.983133
new_2_767.mat,1.000000
new_2_768.mat,0.999932
new_2_769.mat,0.999998
new_2_770.mat,0.999991
new_2_771.mat,1.000000
new_2_772.mat,1.000000
new_2_773.mat,0.999999
new_2_774.mat,1.000000
new_2_775.mat,0.999983
new_2_776.mat,0.999994
new_2_777.mat,1.000000
new_2_778.mat,0.999999
new_2_779.mat,1.000000
new_2_780.mat,1.000000
new_2_781.mat,1.000000
new_2_782.mat,0.999994
new_2_783.mat,0.999705
new_2_784.mat,1.000000
new_2_785.mat,0.998324
new_2_786.mat,1.000000
new_2_787.mat,0.999826
new_2_788.mat,1.000000
new_2_789.mat,1.000000
new_2_790.mat,1.000000
new_2_791.mat,0.999691
new_2_792.mat,1.000000
new_2_793.mat,0.952625
new_2_794.mat,1.000000
new_2_795.mat,1.000000
new_2_796.mat,1.000000
new_2_797.mat,0.992654
new_2_798.mat,1.000000
new_2_799.mat,0.979610
new_2_800.mat,1.000000
new_2_801.mat,0.959086
new_2_802.mat,1.000000
new_2_803.mat,0.712576
new_2_804.mat,0.999931
new_2_805.mat,0.999179
new_2_806.mat,0.999986
new_2_807.mat,0.989157
new_2_808.mat,0.999990
new_2_809.mat,0.787594
new_2_810.mat,0.765528
new_2_811.mat,1.000000
new_2_812.mat,0.987732
new_2_813.mat,0.997959
new_2_814.mat,0.998561
new_2_815.mat,0.981027
new_2_816.mat,0.776874
new_2_817.mat,0.970361
new_2_818.mat,0.999990
new_2_819.mat,0.999438
new_2_820.mat,0.899647
new_2_821.mat,0.754024
new_2_822.mat,1.000000
new_2_823.mat,0.994325
new_2_824.mat,1.000000
new_2_825.mat,0.999171
new_2_826.mat,0.996487
new_2_827.mat,0.995916
new_2_828.mat,0.985993
new_2_829.mat,1.000000
new_2_830.mat,0.979610
new_2_831.mat,0.999986
new_2_832.mat,1.000000
new_2_833.mat,1.000000
new_2_834.mat,0.987477
new_2_835.mat,1.000000
new_2_836.mat,0.999958
new_2_837.mat,1.000000
new_2_838.mat,0.999989
new_2_839.mat,0.970400
new_2_840.mat,0.982943
new_2_841.mat,0.999983
new_2_842.mat,0.948764
new_2_843.mat,0.983549
new_2_844.mat,0.999879
new_2_845.mat,0.912539
new_2_846.mat,0.940995
new_2_847.mat,0.999980
new_2_848.mat,0.741960
new_2_849.mat,1.000000
new_2_850.mat,0.999992
new_2_851.mat,0.505272
new_2_852.mat,0.977096
new_2_853.mat,1.000000
new_2_854.mat,1.000000
new_2_855.mat,0.999982
new_2_856.mat,0.556677
new_2_857.mat,0.919235
new_2_858.mat,1.000000
new_2_859.mat,0.981704
new_2_860.mat,0.980539
new_2_861.mat,0.988200
new_2_862.mat,0.999956
new_2_863.mat,0.999970
new_2_864.mat,0.999997
new_2_865.mat,0.999991
new_2_866.mat,0.999999
new_2_867.mat,1.000000
new_2_868.mat,1.000000
new_2_869.mat,0.999999
new_2_870.mat,0.999999
new_2_871.mat,0.999998
new_2_872.mat,1.000000
new_2_873.mat,0.643681
new_2_874.mat,1.000000
new_2_875.mat,1.000000
new_2_876.mat,0.999244
new_2_877.mat,0.999672
new_2_878.mat,0.999993
new_2_879.mat,1.000000
new_2_880.mat,0.980144
new_2_881.mat,0.995861
new_2_882.mat,0.999999
new_2_883.mat,0.999915
new_2_884.mat,1.000000
new_2_885.mat,0.999999
new_2_886.mat,0.999999
new_2_887.mat,1.000000
new_2_888.mat,1.000000
new_2_889.mat,1.000000
new_2_890.mat,0.866249
new_2_891.mat,0.999998
new_2_892.mat,0.968171
new_2_893.mat,0.999999
new_2_894.mat,1.000000
new_2_895.mat,1.000000
new_2_896.mat,1.000000
new_2_897.mat,0.988551
new_2_898.mat,0.943210
new_2_899.mat,0.993192
new_2_900.mat,0.999997
new_2_901.mat,1.000000
new_2_902.mat,1.000000
new_2_903.mat,1.000000
new_2_904.mat,0.999998
new_2_905.mat,0.926511
new_2_906.mat,0.999957
new_2_907.mat,0.996820
new_2_908.mat,0.999987
new_2_909.mat,0.598214
new_2_910.mat,0.999722
new_2_911.mat,1.000000
new_2_912.mat,0.967638
new_2_913.mat,1.000000
new_2_914.mat,1.000000
new_2_915.mat,1.000000
new_2_916.mat,0.999774
new_2_917.mat,1.000000
new_2_918.mat,1.000000
new_2_919.mat,0.999991
new_2_920.mat,1.000000
new_2_921.mat,1.000000
new_2_922.mat,0.999999
new_2_923.mat,1.000000
new_2_924.mat,0.999436
new_2_925.mat,1.000000
new_2_926.mat,0.999342
new_2_927.mat,0.967517
new_2_928.mat,0.954918
new_2_929.mat,0.999997
new_2_930.mat,0.999999
new_2_931.mat,0.998565
new_2_932.mat,0.977419
new_2_933.mat,1.000000
new_2_934.mat,0.999999
new_2_935.mat,0.790191
new_2_936.mat,0.671065
new_2_937.mat,0.999977
new_2_938.mat,0.869237
new_2_939.mat,1.000000
new_2_940.mat,0.999997
new_2_941.mat,1.000000
new_2_942.mat,0.999990
new_2_943.mat,0.987532
new_2_944.mat,0.976381
new_2_945.mat,0.978124
new_2_946.mat,0.999999
new_2_947.mat,0.889504
new_2_948.mat,1.000000
new_2_949.mat,0.999900
new_2_950.mat,0.999981
new_2_951.mat,1.000000
new_2_952.mat,0.999986
new_2_953.mat,1.000000
new_2_954.mat,0.999988
new_2_955.mat,1.000000
new_2_956.mat,0.999915
new_2_957.mat,0.998081
new_2_958.mat,1.000000
new_2_959.mat,0.736885
new_2_960.mat,1.000000
new_2_961.mat,0.999655
new_2_962.mat,0.984324
new_2_963.mat,0.967030
new_2_964.mat,1.000000
new_2_965.mat,0.999647
new_2_966.mat,0.999953
new_2_967.mat,0.999994
new_2_968.mat,1.000000
new_2_969.mat,0.956410
new_2_970.mat,0.940505
new_2_971.mat,1.000000
new_2_972.mat,0.955470
new_2_973.mat,1.000000
new_2_974.mat,0.974545
new_2_975.mat,1.000000
new_2_976.mat,1.000000
new_2_977.mat,0.999989
new_2_978.mat,1.000000
new_2_979.mat,1.000000
new_2_980.mat,1.000000
new_2_981.mat,1.000000
new_2_982.mat,0.999996
new_2_983.mat,0.904384
new_2_984.mat,0.979610
new_2_985.mat,1.000000
new_2_986.mat,0.994391
new_2_987.mat,0.996150
new_2_988.mat,0.937977
new_2_989.mat,0.999528
new_2_990.mat,0.999988
new_2_991.mat,0.999995
new_2_992.mat,0.999895
new_2_993.mat,1.000000
new_2_994.mat,0.999961
new_2_995.mat,0.999999
new_2_996.mat,0.844712
new_2_997.mat,0.999488
new_2_998.mat,0.979610
new_2_999.mat,1.000000
new_2_1000.mat,0.994409
new_2_1001.mat,0.979610
new_2_1002.mat,0.999980
new_3_1.mat,0.869584
new_3_2.mat,0.981846
new_3_3.mat,0.999921
new_3_4.mat,0.992182
new_3_5.mat,0.864924
new_3_6.mat,0.406068
new_3_7.mat,0.231564
new_3_8.mat,0.999977
new_3_9.mat,0.659510
new_3_10.mat,0.473699
new_3_11.mat,0.893666
new_3_12.mat,0.999982
new_3_13.mat,0.738679
new_3_14.mat,0.799666
new_3_15.mat,0.316629
new_3_16.mat,0.780117
new_3_17.mat,0.996450
new_3_18.mat,0.995039
new_3_19.mat,0.993681
new_3_20.mat,0.634137
new_3_21.mat,0.758826
new_3_22.mat,0.883086
new_3_23.mat,0.157192
new_3_24.mat,0.822022
new_3_25.mat,0.999999
new_3_26.mat,0.532864
new_3_27.mat,0.943605
new_3_28.mat,0.976156
new_3_29.mat,0.991406
new_3_30.mat,0.983781
new_3_31.mat,0.919707
new_3_32.mat,0.316766
new_3_33.mat,0.510344
new_3_34.mat,0.006744
new_3_35.mat,0.672067
new_3_36.mat,0.959478
new_3_37.mat,0.920902
new_3_38.mat,0.985115
new_3_39.mat,0.311481
new_3_40.mat,0.906226
new_3_41.mat,0.813516
new_3_42.mat,0.881698
new_3_43.mat,0.999961
new_3_44.mat,0.998766
new_3_45.mat,0.997646
new_3_46.mat,0.999235
new_3_47.mat,0.102660
new_3_48.mat,0.999974
new_3_49.mat,0.004721
new_3_50.mat,0.940761
new_3_51.mat,0.961412
new_3_52.mat,0.459926
new_3_53.mat,0.996368
new_3_54.mat,0.987730
new_3_55.mat,0.999919
new_3_56.mat,0.995398
new_3_57.mat,0.992325
new_3_58.mat,0.993807
new_3_59.mat,0.833390
new_3_60.mat,0.995886
new_3_61.mat,0.938917
new_3_62.mat,0.814029
new_3_63.mat,0.982396
new_3_64.mat,0.994616
new_3_65.mat,0.115815
new_3_66.mat,0.917206
new_3_67.mat,0.952596
new_3_68.mat,0.852093
new_3_69.mat,0.999977
new_3_70.mat,0.933321
new_3_71.mat,0.998776
new_3_72.mat,0.308367
new_3_73.mat,0.977695
new_3_74.mat,0.952457
new_3_75.mat,0.253867
new_3_76.mat,0.997529
new_3_77.mat,0.954805
new_3_78.mat,0.764712
new_3_79.mat,0.999977
new_3_80.mat,0.981961
new_3_81.mat,0.999974
new_3_82.mat,0.969045
new_3_83.mat,0.679855
new_3_84.mat,0.829565
new_3_85.mat,0.682196
new_3_86.mat,0.555396
new_3_87.mat,0.940774
new_3_88.mat,0.918834
new_3_89.mat,0.989334
new_3_90.mat,0.143507
new_3_91.mat,0.912551
new_3_92.mat,0.765102
new_3_93.mat,0.976153
new_3_94.mat,0.989683
new_3_95.mat,0.826277
new_3_96.mat,0.989938
new_3_97.mat,0.735442
new_3_98.mat,0.244060
new_3_99.mat,0.970320
new_3_100.mat,0.999941
new_3_101.mat,0.092362
new_3_102.mat,0.954102
new_3_103.mat,0.443694
new_3_104.mat,0.937016
new_3_105.mat,0.997032
new_3_106.mat,0.816966
new_3_107.mat,0.957251
new_3_108.mat,0.981498
new_3_109.mat,0.978787
new_3_110.mat,0.920865
new_3_111.mat,0.325577
new_3_112.mat,0.990554
new_3_113.mat,0.501710
new_3_114.mat,0.996137
new_3_115.mat,0.125491
new_3_116.mat,0.997141
new_3_117.mat,0.997047
new_3_118.mat,0.822150
new_3_119.mat,0.892108
new_3_120.mat,0.894015
new_3_121.mat,0.853964
new_3_122.mat,0.891103
new_3_123.mat,0.756631
new_3_124.mat,0.224433
new_3_125.mat,0.125760
new_3_126.mat,0.408075
new_3_127.mat,0.158823
new_3_128.mat,0.305526
new_3_129.mat,0.987335
new_3_130.mat,0.849001
new_3_131.mat,0.836134
new_3_132.mat,0.968582
new_3_133.mat,0.680875
new_3_134.mat,0.473687
new_3_135.mat,0.672438
new_3_136.mat,0.959422
new_3_137.mat,0.992466
new_3_138.mat,0.731599
new_3_139.mat,0.750273
new_3_140.mat,0.999625
new_3_141.mat,0.998967
new_3_142.mat,0.999884
new_3_143.mat,0.942078
new_3_144.mat,0.999875
new_3_145.mat,0.476037
new_3_146.mat,0.885266
new_3_147.mat,0.483222
new_3_148.mat,0.986770
new_3_149.mat,0.859894
new_3_150.mat,0.339457
new_3_151.mat,0.851797
new_3_152.mat,0.996081
new_3_153.mat,0.700825
new_3_154.mat,0.881604
new_3_155.mat,0.999591
new_3_156.mat,0.795222
new_3_157.mat,0.433117
new_3_158.mat,0.641360
new_3_159.mat,0.636161
new_3_160.mat,0.223805
new_3_161.mat,0.997872
new_3_162.mat,0.999850
new_3_163.mat,0.977587
new_3_164.mat,0.799842
new_3_165.mat,0.999908
new_3_166.mat,0.013391
new_3_167.mat,0.020597
new_3_168.mat,0.999963
new_3_169.mat,0.733141
new_3_170.mat,0.999474
new_3_171.mat,0.185504
new_3_172.mat,0.864237
new_3_173.mat,0.817978
new_3_174.mat,0.777626
new_3_175.mat,0.899224
new_3_176.mat,0.718728
new_3_177.mat,0.785212
new_3_178.mat,0.842821
new_3_179.mat,0.482262
new_3_180.mat,0.356778
new_3_181.mat,0.673750
new_3_182.mat,0.996857
new_3_183.mat,0.538164
new_3_184.mat,0.999363
new_3_185.mat,0.987397
new_3_186.mat,0.939326
new_3_187.mat,0.998289
new_3_188.mat,0.511702
new_3_189.mat,0.998446
new_3_190.mat,0.671281
new_3_191.mat,0.942679
new_3_192.mat,0.996383
new_3_193.mat,0.346643
new_3_194.mat,0.710015
new_3_195.mat,0.956310
new_3_196.mat,0.998221
new_3_197.mat,0.665899
new_3_198.mat,0.999936
new_3_199.mat,0.959792
new_3_200.mat,0.369841
new_3_201.mat,0.597000
new_3_202.mat,0.999999
new_3_203.mat,0.993837
new_3_204.mat,0.433300
new_3_205.mat,0.614730
new_3_206.mat,0.998475
new_3_207.mat,0.999922
new_3_208.mat,0.989476
new_3_209.mat,0.966817
new_3_210.mat,0.986633
new_3_211.mat,0.993081
new_3_212.mat,0.296792
new_3_213.mat,0.077877
new_3_214.mat,0.607451
new_3_215.mat,0.773592
new_3_216.mat,0.991374
new_3_217.mat,0.613217
new_3_218.mat,0.978893
new_3_219.mat,0.419710
new_3_220.mat,0.745051
new_3_221.mat,0.765343
new_3_222.mat,0.999988
new_3_223.mat,0.972342
new_3_224.mat,0.394705
new_3_225.mat,0.999960
new_3_226.mat,0.634201
new_3_227.mat,0.907632
new_3_228.mat,0.999883
new_3_229.mat,0.997857
new_3_230.mat,0.124641
new_3_231.mat,0.159939
new_3_232.mat,0.956074
new_3_233.mat,0.999555
new_3_234.mat,0.999968
new_3_235.mat,0.226503
new_3_236.mat,0.534530
new_3_237.mat,0.732873
new_3_238.mat,0.999979
new_3_239.mat,0.999957
new_3_240.mat,0.998952
new_3_241.mat,0.996216
new_3_242.mat,0.570211
new_3_243.mat,0.999997
new_3_244.mat,0.999732
new_3_245.mat,0.751581
new_3_246.mat,0.592604
new_3_247.mat,0.871477
new_3_248.mat,0.678679
new_3_249.mat,0.824561
new_3_250.mat,0.958069
new_3_251.mat,0.975667
new_3_252.mat,0.814209
new_3_253.mat,0.572398
new_3_254.mat,0.786393
new_3_255.mat,0.999861
new_3_256.mat,0.909575
new_3_257.mat,0.003691
new_3_258.mat,0.014866
new_3_259.mat,0.964727
new_3_260.mat,0.999731
new_3_261.mat,0.947056
new_3_262.mat,0.999906
new_3_263.mat,0.027876
new_3_264.mat,0.921743
new_3_265.mat,0.728007
new_3_266.mat,0.571591
new_3_267.mat,0.999964
new_3_268.mat,0.837717
new_3_269.mat,0.941026
new_3_270.mat,0.094471
new_3_271.mat,0.309318
new_3_272.mat,0.997775
new_3_273.mat,0.588748
new_3_274.mat,0.995384
new_3_275.mat,0.937371
new_3_276.mat,0.855202
new_3_277.mat,0.983689
new_3_278.mat,0.995363
new_3_279.mat,0.007515
new_3_280.mat,0.258573
new_3_281.mat,0.995687
new_3_282.mat,0.993323
new_3_283.mat,0.895552
new_3_284.mat,0.870624
new_3_285.mat,0.999818
new_3_286.mat,0.970954
new_3_287.mat,0.994345
new_3_288.mat,0.998720
new_3_289.mat,0.388080
new_3_290.mat,0.136181
new_3_291.mat,0.970120
new_3_292.mat,0.920764
new_3_293.mat,0.862423
new_3_294.mat,0.874956
new_3_295.mat,0.921551
new_3_296.mat,0.716809
new_3_297.mat,0.647840
new_3_298.mat,0.371006
new_3_299.mat,0.778455
new_3_300.mat,0.973063
new_3_301.mat,0.542594
new_3_302.mat,0.723666
new_3_303.mat,0.852785
new_3_304.mat,0.975596
new_3_305.mat,0.907456
new_3_306.mat,0.956574
new_3_307.mat,0.973272
new_3_308.mat,0.994779
new_3_309.mat,0.532419
new_3_310.mat,0.167510
new_3_311.mat,0.908981
new_3_312.mat,0.998114
new_3_313.mat,0.996912
new_3_314.mat,0.796935
new_3_315.mat,0.999999
new_3_316.mat,0.979163
new_3_317.mat,0.997427
new_3_318.mat,0.990771
new_3_319.mat,0.462689
new_3_320.mat,0.749574
new_3_321.mat,0.999961
new_3_322.mat,0.961904
new_3_323.mat,0.994732
new_3_324.mat,0.471870
new_3_325.mat,0.999507
new_3_326.mat,0.999439
new_3_327.mat,0.766864
new_3_328.mat,0.996753
new_3_329.mat,0.979639
new_3_330.mat,0.999993
new_3_331.mat,0.996321
new_3_332.mat,0.916497
new_3_333.mat,0.952419
new_3_334.mat,0.835879
new_3_335.mat,0.989066
new_3_336.mat,0.351009
new_3_337.mat,0.149005
new_3_338.mat,0.984556
new_3_339.mat,0.422511
new_3_340.mat,0.999424
new_3_341.mat,0.627222
new_3_342.mat,0.411208
new_3_343.mat,0.884483
new_3_344.mat,0.294446
new_3_345.mat,0.999920
new_3_346.mat,0.424667
new_3_347.mat,0.806681
new_3_348.mat,0.655219
new_3_349.mat,0.235126
new_3_350.mat,0.999719
new_3_351.mat,0.896803
new_3_352.mat,0.439076
new_3_353.mat,0.450874
new_3_354.mat,0.810532
new_3_355.mat,0.612170
new_3_356.mat,0.922544
new_3_357.mat,0.988911
new_3_358.mat,0.012498
new_3_359.mat,0.969602
new_3_360.mat,0.911234
new_3_361.mat,0.117849
new_3_362.mat,0.980549
new_3_363.mat,0.998280
new_3_364.mat,0.295812
new_3_365.mat,0.972796
new_3_366.mat,0.995999
new_3_367.mat,0.129493
new_3_368.mat,0.919183
new_3_369.mat,0.991375
new_3_370.mat,0.999782
new_3_371.mat,0.998832
new_3_372.mat,0.998845
new_3_373.mat,0.940276
new_3_374.mat,0.999775
new_3_375.mat,0.277344
new_3_376.mat,0.164030
new_3_377.mat,0.527611
new_3_378.mat,0.951061
new_3_379.mat,0.984439
new_3_380.mat,0.999877
new_3_381.mat,0.497476
new_3_382.mat,0.473705
new_3_383.mat,0.999834
new_3_384.mat,0.154180
new_3_385.mat,0.851686
new_3_386.mat,0.198837
new_3_387.mat,0.193212
new_3_388.mat,0.975691
new_3_389.mat,0.668025
new_3_390.mat,0.849109
new_3_391.mat,0.963799
new_3_392.mat,0.968105
new_3_393.mat,0.878656
new_3_394.mat,0.858991
new_3_395.mat,0.369846
new_3_396.mat,0.817220
new_3_397.mat,0.802642
new_3_398.mat,0.842069
new_3_399.mat,0.928003
new_3_400.mat,0.638240
new_3_401.mat,0.478614
new_3_402.mat,0.998413
new_3_403.mat,0.999913
new_3_404.mat,0.999762
new_3_405.mat,0.710693
new_3_406.mat,0.807367
new_3_407.mat,0.904967
new_3_408.mat,0.999958
new_3_409.mat,0.778181
new_3_410.mat,0.927167
new_3_411.mat,0.998625
new_3_412.mat,0.466564
new_3_413.mat,0.999988
new_3_414.mat,0.393639
new_3_415.mat,0.949011
new_3_416.mat,0.969043
new_3_417.mat,0.822406
new_3_418.mat,0.985517
new_3_419.mat,0.319462
new_3_420.mat,0.529105
new_3_421.mat,0.999817
new_3_422.mat,0.859559
new_3_423.mat,0.995517
new_3_424.mat,0.884966
new_3_425.mat,0.990542
new_3_426.mat,0.947260
new_3_427.mat,0.842238
new_3_428.mat,0.672267
new_3_429.mat,0.996742
new_3_430.mat,0.768901
new_3_431.mat,0.894960
new_3_432.mat,0.317238
new_3_433.mat,0.740844
new_3_434.mat,0.912088
new_3_435.mat,0.999966
new_3_436.mat,0.567705
new_3_437.mat,0.999932
new_3_438.mat,0.250977
new_3_439.mat,0.807393
new_3_440.mat,0.997885
new_3_441.mat,0.996597
new_3_442.mat,0.378839
new_3_443.mat,0.686041
new_3_444.mat,0.639400
new_3_445.mat,0.421232
new_3_446.mat,0.126449
new_3_447.mat,0.489309
new_3_448.mat,0.619423
new_3_449.mat,0.778972
new_3_450.mat,0.454447
new_3_451.mat,0.963538
new_3_452.mat,0.996119
new_3_453.mat,0.999255
new_3_454.mat,0.470718
new_3_455.mat,0.711912
new_3_456.mat,0.536582
new_3_457.mat,0.057730
new_3_458.mat,0.998776
new_3_459.mat,0.885796
new_3_460.mat,0.869753
new_3_461.mat,0.732684
new_3_462.mat,0.999825
new_3_463.mat,0.682761
new_3_464.mat,0.999678
new_3_465.mat,0.793491
new_3_466.mat,0.999961
new_3_467.mat,0.450455
new_3_468.mat,0.776560
new_3_469.mat,0.111425
new_3_470.mat,0.457861
new_3_471.mat,0.585853
new_3_472.mat,0.999999
new_3_473.mat,0.964492
new_3_474.mat,0.486875
new_3_475.mat,0.241873
new_3_476.mat,0.783627
new_3_477.mat,0.999967
new_3_478.mat,0.998989
new_3_479.mat,0.702732
new_3_480.mat,0.849882
new_3_481.mat,0.999974
new_3_482.mat,0.144625
new_3_483.mat,0.618593
new_3_484.mat,0.172369
new_3_485.mat,0.220173
new_3_486.mat,0.995093
new_3_487.mat,0.941414
new_3_488.mat,0.978216
new_3_489.mat,0.990015
new_3_490.mat,0.691092
new_3_491.mat,0.504734
new_3_492.mat,0.997565
new_3_493.mat,0.347128
new_3_494.mat,0.737429
new_3_495.mat,0.243269
new_3_496.mat,0.962967
new_3_497.mat,0.835501
new_3_498.mat,0.969084
new_3_499.mat,0.996058
new_3_500.mat,0.733043
new_3_501.mat,0.075032
new_3_502.mat,0.985155
new_3_503.mat,0.999411
new_3_504.mat,0.214208
new_3_505.mat,0.354217
new_3_506.mat,0.999978
new_3_507.mat,0.758826
new_3_508.mat,0.755458
new_3_509.mat,0.998064
new_3_510.mat,0.648800
new_3_511.mat,0.992612
new_3_512.mat,0.995954
new_3_513.mat,0.267858
new_3_514.mat,0.336861
new_3_515.mat,0.952632
new_3_516.mat,0.851367
new_3_517.mat,0.014005
new_3_518.mat,0.440888
new_3_519.mat,0.419263
new_3_520.mat,0.479249
new_3_521.mat,0.020523
new_3_522.mat,0.997278
new_3_523.mat,0.617082
new_3_524.mat,0.979659
new_3_525.mat,0.142241
new_3_526.mat,0.115268
new_3_527.mat,0.968403
new_3_528.mat,0.642870
new_3_529.mat,0.855622
new_3_530.mat,0.962024
new_3_531.mat,0.988449
new_3_532.mat,0.930153
new_3_533.mat,0.999999
new_3_534.mat,0.957778
new_3_535.mat,0.933505
new_3_536.mat,0.998420
new_3_537.mat,0.332305
new_3_538.mat,0.933759
new_3_539.mat,0.999823
new_3_540.mat,0.571648
new_3_541.mat,0.919524
new_3_542.mat,0.066615
new_3_543.mat,0.025524
new_3_544.mat,0.758826
new_3_545.mat,0.874475
new_3_546.mat,0.839361
new_3_547.mat,0.721327
new_3_548.mat,0.992299
new_3_549.mat,0.463301
new_3_550.mat,0.925776
new_3_551.mat,0.999940
new_3_552.mat,0.056848
new_3_553.mat,0.923524
new_3_554.mat,0.980036
new_3_555.mat,0.898194
new_3_556.mat,0.981643
new_3_557.mat,0.999999
new_3_558.mat,0.469795
new_3_559.mat,0.988379
new_3_560.mat,1.000000
new_3_561.mat,0.013233
new_3_562.mat,0.845946
new_3_563.mat,0.876401
new_3_564.mat,0.148572
new_3_565.mat,0.362530
new_3_566.mat,0.988142
new_3_567.mat,0.994555
new_3_568.mat,0.926415
new_3_569.mat,0.469454
new_3_570.mat,0.967494
new_3_571.mat,0.281704
new_3_572.mat,0.996611
new_3_573.mat,0.830940
new_3_574.mat,0.994640
new_3_575.mat,0.815041
new_3_576.mat,0.917565
new_3_577.mat,0.738447
new_3_578.mat,0.999311
new_3_579.mat,0.312436
new_3_580.mat,1.000000
new_3_581.mat,1.000000
new_3_582.mat,0.081820
new_3_583.mat,0.966943
new_3_584.mat,0.423824
new_3_585.mat,0.927413
new_3_586.mat,0.758826
new_3_587.mat,0.975785
new_3_588.mat,0.241120
new_3_589.mat,0.188704
new_3_590.mat,0.999573
new_3_591.mat,0.999930
new_3_592.mat,0.884533
new_3_593.mat,0.866711
new_3_594.mat,0.376874
new_3_595.mat,0.950438
new_3_596.mat,0.497939
new_3_597.mat,0.999908
new_3_598.mat,0.726734
new_3_599.mat,0.645287
new_3_600.mat,0.563222
new_3_601.mat,0.999617
new_3_602.mat,0.999997
new_3_603.mat,0.423455
new_3_604.mat,0.928574
new_3_605.mat,0.924298
new_3_606.mat,0.565333
new_3_607.mat,0.790823
new_3_608.mat,0.408655
new_3_609.mat,0.998028
new_3_610.mat,0.371604
new_3_611.mat,0.982516
new_3_612.mat,0.589880
new_3_613.mat,0.895238
new_3_614.mat,0.999567
new_3_615.mat,0.551729
new_3_616.mat,0.948314
new_3_617.mat,0.943211
new_3_618.mat,0.999094
new_3_619.mat,0.287349
new_3_620.mat,0.795449
new_3_621.mat,0.503531
new_3_622.mat,0.918224
new_3_623.mat,0.445420
new_3_624.mat,0.134875
new_3_625.mat,0.999955
new_3_626.mat,0.994167
new_3_627.mat,0.989888
new_3_628.mat,0.998666
new_3_629.mat,0.315030
new_3_630.mat,0.304561
new_3_631.mat,0.886036
new_3_632.mat,0.999454
new_3_633.mat,0.937812
new_3_634.mat,0.999942
new_3_635.mat,0.992495
new_3_636.mat,0.315290
new_3_637.mat,0.999999
new_3_638.mat,0.996454
new_3_639.mat,0.673642
new_3_640.mat,0.864907
new_3_641.mat,0.985230
new_3_642.mat,0.248799
new_3_643.mat,0.997615
new_3_644.mat,0.681836
new_3_645.mat,0.999997
new_3_646.mat,0.878954
new_3_647.mat,0.775702
new_3_648.mat,0.660478
new_3_649.mat,0.997828
new_3_650.mat,0.719638
new_3_651.mat,0.928076
new_3_652.mat,0.999577
new_3_653.mat,0.989865
new_3_654.mat,0.567923
new_3_655.mat,0.916872
new_3_656.mat,0.528297
new_3_657.mat,0.999913
new_3_658.mat,0.941033
new_3_659.mat,0.758826
new_3_660.mat,0.621823
new_3_661.mat,0.662960
new_3_662.mat,0.394694
new_3_663.mat,0.992706
new_3_664.mat,0.928456
new_3_665.mat,0.993202
new_3_666.mat,0.998174
new_3_667.mat,0.999794
new_3_668.mat,0.269920
new_3_669.mat,0.936193
new_3_670.mat,0.497018
new_3_671.mat,0.891614
new_3_672.mat,0.914193
new_3_673.mat,0.996430
new_3_674.mat,0.199526
new_3_675.mat,0.999948
new_3_676.mat,0.990021
new_3_677.mat,0.781951
new_3_678.mat,0.927709
new_3_679.mat,0.999928
new_3_680.mat,0.930926
new_3_681.mat,0.847643
new_3_682.mat,0.909481
new_3_683.mat,0.946059
new_3_684.mat,0.701736
new_3_685.mat,0.999414
new_3_686.mat,0.980821
new_3_687.mat,0.975942
new_3_688.mat,0.988825
new_3_689.mat,0.168417
new_3_690.mat,0.999851
