File,Class
new_1_1.mat,0.735173099458
new_1_2.mat,0.626188894203
new_1_3.mat,0.176188658823
new_1_4.mat,0.149972156399
new_1_5.mat,0.724935575912
new_1_6.mat,0.70245812154
new_1_7.mat,0.386410770157
new_1_8.mat,0.225916983695
new_1_9.mat,0.665683741787
new_1_10.mat,0.365671198576
new_1_11.mat,0.352120612658
new_1_12.mat,0.247777823766
new_1_13.mat,0.386410770157
new_1_14.mat,0.143340669497
new_1_15.mat,0.403963983399
new_1_16.mat,0.58421193171
new_1_17.mat,0.554644006334
new_1_18.mat,0.386410770157
new_1_19.mat,0.581007084375
new_1_20.mat,0.386410770157
new_1_21.mat,0.137891314919
new_1_22.mat,0.536330876947
new_1_23.mat,0.118875774875
new_1_24.mat,0.59348537812
new_1_25.mat,0.290698332482
new_1_26.mat,0.756466751647
new_1_27.mat,0.52390462949
new_1_28.mat,0.414371611666
new_1_29.mat,0.729560408673
new_1_30.mat,0.51264568973
new_1_31.mat,0.410018163003
new_1_32.mat,0.20585071914
new_1_33.mat,0.230278078296
new_1_34.mat,0.386410770157
new_1_35.mat,0.624456738467
new_1_36.mat,0.694459033272
new_1_37.mat,0.523526985749
new_1_38.mat,0.351200526635
new_1_39.mat,0.656085113798
new_1_40.mat,0.255405217715
new_1_41.mat,0.140119724889
new_1_42.mat,0.586550578791
new_1_43.mat,0.323785082487
new_1_44.mat,0.755121545737
new_1_45.mat,0.994966487105
new_1_46.mat,0.700821800873
new_1_47.mat,0.616443392381
new_1_48.mat,0.498238933058
new_1_49.mat,0.79598393666
new_1_50.mat,0.715868610457
new_1_51.mat,0.101699571409
new_1_52.mat,0.635153745308
new_1_53.mat,0.197205005143
new_1_54.mat,0.186000761322
new_1_55.mat,0.705335577323
new_1_56.mat,0.515772026432
new_1_57.mat,0.426348560773
new_1_58.mat,0.129447341244
new_1_59.mat,0.124972597775
new_1_60.mat,0.267236465988
new_1_61.mat,0.182238471297
new_1_62.mat,0.278301013939
new_1_63.mat,0.300856927424
new_1_64.mat,0.642779089515
new_1_65.mat,0.459016528519
new_1_66.mat,0.696879644212
new_1_67.mat,0.326020833024
new_1_68.mat,0.45779616919
new_1_69.mat,0.129669120806
new_1_70.mat,0.176054018467
new_1_71.mat,0.352048975397
new_1_72.mat,0.386410770157
new_1_73.mat,0.564029896855
new_1_74.mat,0.505763824162
new_1_75.mat,0.260593802731
new_1_76.mat,0.629665727243
new_1_77.mat,0.0990517500327
new_1_78.mat,0.573031648373
new_1_79.mat,0.701821880682
new_1_80.mat,0.684986762954
new_1_81.mat,0.156798913152
new_1_82.mat,0.145261691451
new_1_83.mat,0.657539927337
new_1_84.mat,0.923722736474
new_1_85.mat,0.652203325283
new_1_86.mat,0.528942051278
new_1_87.mat,0.084048506288
new_1_88.mat,0.21263116845
new_1_89.mat,0.215788003356
new_1_90.mat,0.077729007152
new_1_91.mat,0.484045185681
new_1_92.mat,0.671391306125
new_1_93.mat,0.57500941589
new_1_94.mat,0.76582697343
new_1_95.mat,0.427431427976
new_1_96.mat,0.153998384698
new_1_97.mat,0.143318365736
new_1_98.mat,0.386410770157
new_1_99.mat,0.174297953404
new_1_100.mat,0.650476189751
new_1_101.mat,0.616132932864
new_1_102.mat,0.23376617899
new_1_103.mat,0.197030844017
new_1_104.mat,0.728634476269
new_1_105.mat,0.677159424881
new_1_106.mat,0.244099659543
new_1_107.mat,0.356503996559
new_1_108.mat,0.588906025685
new_1_109.mat,0.662839514973
new_1_110.mat,0.0916323021881
new_1_111.mat,0.667924634411
new_1_112.mat,0.204277360588
new_1_113.mat,0.669272055015
new_1_114.mat,0.119474033857
new_1_115.mat,0.259110517402
new_1_116.mat,0.179893762545
new_1_117.mat,0.743446221314
new_1_118.mat,0.172752907127
new_1_119.mat,0.644290896688
new_1_120.mat,0.690817585135
new_1_121.mat,0.552048860272
new_1_122.mat,0.738316584766
new_1_123.mat,0.401249851548
new_1_124.mat,0.324704562476
new_1_125.mat,0.580897850188
new_1_126.mat,0.623578332215
new_1_127.mat,0.715776300087
new_1_128.mat,0.696262673159
new_1_129.mat,0.593469970306
new_1_130.mat,0.123639922369
new_1_131.mat,0.586945969895
new_1_132.mat,0.643494654565
new_1_133.mat,0.742682201578
new_1_134.mat,0.60881405755
new_1_135.mat,0.259811238289
new_1_136.mat,0.529281798598
new_1_137.mat,0.172805176962
new_1_138.mat,0.244943598012
new_1_139.mat,0.680925240699
new_1_140.mat,0.258610368291
new_1_141.mat,0.304252086456
new_1_142.mat,0.602258806127
new_1_143.mat,0.271129305311
new_1_144.mat,0.690008846605
new_1_145.mat,0.66935010829
new_1_146.mat,0.487131774949
new_1_147.mat,0.386410770157
new_1_148.mat,0.507542995787
new_1_149.mat,0.238995692258
new_1_150.mat,0.175939889759
new_1_151.mat,0.757385878792
new_1_152.mat,0.212573794283
new_1_153.mat,0.16668801462
new_1_154.mat,0.286775605434
new_1_155.mat,0.206112407259
new_1_156.mat,0.341357945069
new_1_157.mat,0.3878646806
new_1_158.mat,0.205568804555
new_1_159.mat,0.587646584684
new_1_160.mat,0.262818524686
new_1_161.mat,0.467619483434
new_1_162.mat,0.392113416172
new_1_163.mat,0.626020117094
new_1_164.mat,0.173424664899
new_1_165.mat,0.381379899643
new_1_166.mat,0.643299259217
new_1_167.mat,0.386410770157
new_1_168.mat,0.650505218445
new_1_169.mat,0.533050051257
new_1_170.mat,0.161353158119
new_1_171.mat,0.109892568138
new_1_172.mat,0.12626111048
new_1_173.mat,0.574169671346
new_1_174.mat,0.623596730187
new_1_175.mat,0.361297759523
new_1_176.mat,0.62254465139
new_1_177.mat,0.386410770157
new_1_178.mat,0.623886201124
new_1_179.mat,0.16136464191
new_1_180.mat,0.575482230919
new_1_181.mat,0.685630392634
new_1_182.mat,0.693627600895
new_1_183.mat,0.108524603298
new_1_184.mat,0.0298771253988
new_1_185.mat,0.404881351815
new_1_186.mat,0.67594644801
new_1_187.mat,0.354847549781
new_1_188.mat,0.104434523571
new_1_189.mat,0.193180474474
new_1_190.mat,0.576894498976
new_1_191.mat,0.166906695215
new_1_192.mat,0.168740750191
new_1_193.mat,0.530276580536
new_1_194.mat,0.60133711874
new_1_195.mat,0.329954864541
new_1_196.mat,0.602019321273
new_1_197.mat,0.435879963818
new_1_198.mat,0.146101203133
new_1_199.mat,0.739486907927
new_1_200.mat,0.395042460615
new_1_201.mat,0.544690571718
new_1_202.mat,0.416819304517
new_1_203.mat,0.282434913053
new_1_204.mat,0.62036185136
new_1_205.mat,0.997881963575
new_1_206.mat,0.350540443687
new_1_207.mat,0.187736544521
new_1_208.mat,0.244810440467
new_1_209.mat,0.386410770157
new_1_210.mat,0.165950792954
new_1_211.mat,0.170929551459
new_1_212.mat,0.130919811374
new_1_213.mat,0.656163315145
new_1_214.mat,0.0705002530298
new_1_215.mat,0.70556164538
new_1_216.mat,0.166878132369
new_2_1.mat,0.354910091098
new_2_2.mat,0.0279844372932
new_2_3.mat,0.602425412071
new_2_4.mat,0.517248400664
new_2_5.mat,0.100854255185
new_2_6.mat,0.397248160944
new_2_7.mat,0.557568278605
new_2_8.mat,0.307101550472
new_2_9.mat,0.238403366358
new_2_10.mat,0.599914056746
new_2_11.mat,0.0570649772098
new_2_12.mat,0.549212920913
new_2_13.mat,0.332140774248
new_2_14.mat,0.413944753545
new_2_15.mat,0.625938073691
new_2_16.mat,0.372740723974
new_2_17.mat,0.298992372239
new_2_18.mat,0.404019389915
new_2_19.mat,0.251447166333
new_2_20.mat,0.423088177858
new_2_21.mat,0.440837614083
new_2_22.mat,0.375354203233
new_2_23.mat,0.318006071737
new_2_24.mat,0.330357159723
new_2_25.mat,0.0267855021467
new_2_26.mat,0.311312188563
new_2_27.mat,0.407077497503
new_2_28.mat,0.470444063694
new_2_29.mat,0.480913058996
new_2_30.mat,0.463295987692
new_2_31.mat,0.497944165906
new_2_32.mat,0.335852262264
new_2_33.mat,0.52687657465
new_2_34.mat,0.328216916006
new_2_35.mat,0.520563832492
new_2_36.mat,0.307846484495
new_2_37.mat,0.291314973464
new_2_38.mat,0.581485153279
new_2_39.mat,0.369794662138
new_2_40.mat,0.0277500321856
new_2_41.mat,0.368474457805
new_2_42.mat,0.0346052596133
new_2_43.mat,0.411191622146
new_2_44.mat,0.264205664132
new_2_45.mat,0.190589099042
new_2_46.mat,0.502235855313
new_2_47.mat,0.526095189009
new_2_48.mat,0.412206374504
new_2_49.mat,0.421616240414
new_2_50.mat,0.377867890386
new_2_51.mat,0.430402862852
new_2_52.mat,0.417476387556
new_2_53.mat,0.498269220373
new_2_54.mat,0.47488474673
new_2_55.mat,0.466166511312
new_2_56.mat,0.257372906835
new_2_57.mat,0.070698075868
new_2_58.mat,0.329789600614
new_2_59.mat,0.285159962029
new_2_60.mat,0.137097103328
new_2_61.mat,0.398883630149
new_2_62.mat,0.390518413594
new_2_63.mat,0.397742051905
new_2_64.mat,0.344533587374
new_2_65.mat,0.191025636403
new_2_66.mat,0.420690919496
new_2_67.mat,0.262798717863
new_2_68.mat,0.433158102154
new_2_69.mat,0.408449224132
new_2_70.mat,0.426178556256
new_2_71.mat,0.284480872294
new_2_72.mat,0.0324309773112
new_2_73.mat,0.400688295825
new_2_74.mat,0.340464988825
new_2_75.mat,0.529083714032
new_2_76.mat,0.491707230027
new_2_77.mat,0.566851237199
new_2_78.mat,0.379854510257
new_2_79.mat,0.455851208927
new_2_80.mat,0.392335790271
new_2_81.mat,0.0313162805225
new_2_82.mat,0.40541982394
new_2_83.mat,0.385068173608
new_2_84.mat,0.543953002867
new_2_85.mat,0.392825225785
new_2_86.mat,0.280613927487
new_2_87.mat,0.49436529523
new_2_88.mat,0.620924794487
new_2_89.mat,0.40089850033
new_2_90.mat,0.53985837513
new_2_91.mat,0.215567805279
new_2_92.mat,0.325230702396
new_2_93.mat,0.390795408777
new_2_94.mat,0.311312188563
new_2_95.mat,0.203378456234
new_2_96.mat,0.532355250975
new_2_97.mat,0.347742137243
new_2_98.mat,0.417041171009
new_2_99.mat,0.41845668396
new_2_100.mat,0.407030671645
new_2_101.mat,0.558649670525
new_2_102.mat,0.383981507164
new_2_103.mat,0.196981717817
new_2_104.mat,0.469181637407
new_2_105.mat,0.448411095568
new_2_106.mat,0.0124814869166
new_2_107.mat,0.0165217620492
new_2_108.mat,0.446028805363
new_2_109.mat,0.346189534681
new_2_110.mat,0.446534062923
new_2_111.mat,0.372592747513
new_2_112.mat,0.238247034396
new_2_113.mat,0.587341233803
new_2_114.mat,0.396566983731
new_2_115.mat,0.294023319918
new_2_116.mat,0.316010273096
new_2_117.mat,0.295104410725
new_2_118.mat,0.404006769469
new_2_119.mat,0.330148756169
new_2_120.mat,0.368623134016
new_2_121.mat,0.348474209412
new_2_122.mat,0.362684515646
new_2_123.mat,0.36462439457
new_2_124.mat,0.132623945337
new_2_125.mat,0.234273623142
new_2_126.mat,0.293015810602
new_2_127.mat,0.224673380997
new_2_128.mat,0.405628806279
new_2_129.mat,0.398980494555
new_2_130.mat,0.265325221398
new_2_131.mat,0.439060553911
new_2_132.mat,0.239872348545
new_2_133.mat,0.551474393541
new_2_134.mat,0.0183020456501
new_2_135.mat,0.528162951595
new_2_136.mat,0.361797502402
new_2_137.mat,0.311917746297
new_2_138.mat,0.514410050527
new_2_139.mat,0.425715558609
new_2_140.mat,0.311312188563
new_2_141.mat,0.126526787193
new_2_142.mat,0.398300716393
new_2_143.mat,0.290809648944
new_2_144.mat,0.217683257519
new_2_145.mat,0.516771496033
new_2_146.mat,0.30894105389
new_2_147.mat,0.0778512536171
new_2_148.mat,0.311312188563
new_2_149.mat,0.503721533084
new_2_150.mat,0.318037978101
new_2_151.mat,0.407751451888
new_2_152.mat,0.50607343086
new_2_153.mat,0.307257715283
new_2_154.mat,0.491511777384
new_2_155.mat,0.259969211612
new_2_156.mat,0.358864696919
new_2_157.mat,0.356496798316
new_2_158.mat,0.387502081472
new_2_159.mat,0.346440775612
new_2_160.mat,0.351750796043
new_2_161.mat,0.600288515816
new_2_162.mat,0.493145032114
new_2_163.mat,0.11258346228
new_2_164.mat,0.499210272274
new_2_165.mat,0.359899906818
new_2_166.mat,0.145644416319
new_2_167.mat,0.47962754577
new_2_168.mat,0.436909133088
new_2_169.mat,0.22912555192
new_2_170.mat,0.212584216797
new_2_171.mat,0.411131474991
new_2_172.mat,0.485785976817
new_2_173.mat,0.369690266547
new_2_174.mat,0.383221291516
new_2_175.mat,0.559496102642
new_2_176.mat,0.332824904216
new_2_177.mat,0.415909525742
new_2_178.mat,0.0939985315825
new_2_179.mat,0.394569478413
new_2_180.mat,0.402419515997
new_2_181.mat,0.423953619018
new_2_182.mat,0.335775086456
new_2_183.mat,0.401030232612
new_2_184.mat,0.418889194522
new_2_185.mat,0.470353609033
new_2_186.mat,0.329023849369
new_2_187.mat,0.123606572383
new_2_188.mat,0.0385375455225
new_2_189.mat,0.381671816068
new_2_190.mat,0.313818350034
new_2_191.mat,0.51589762759
new_2_192.mat,0.0184753232772
new_2_193.mat,0.558395469145
new_2_194.mat,0.504118772806
new_2_195.mat,0.0302042814715
new_2_196.mat,0.485573709178
new_2_197.mat,0.470038142539
new_2_198.mat,0.37846039734
new_2_199.mat,0.278869417328
new_2_200.mat,0.484827489238
new_2_201.mat,0.408934234064
new_2_202.mat,0.51237038944
new_2_203.mat,0.331203718389
new_2_204.mat,0.0974916786311
new_2_205.mat,0.584511095837
new_2_206.mat,0.37650159187
new_2_207.mat,0.532757493862
new_2_208.mat,0.367614077662
new_2_209.mat,0.355078851213
new_2_210.mat,0.346730542941
new_2_211.mat,0.553863666047
new_2_212.mat,0.421578730808
new_2_213.mat,0.314011739742
new_2_214.mat,0.280629787921
new_2_215.mat,0.378495140425
new_2_216.mat,0.415716620357
new_2_217.mat,0.472340488326
new_2_218.mat,0.435404618494
new_2_219.mat,0.200568679883
new_2_220.mat,0.329517060892
new_2_221.mat,0.110781377456
new_2_222.mat,0.252656232718
new_2_223.mat,0.415040979579
new_2_224.mat,0.394592707873
new_2_225.mat,0.379321933249
new_2_226.mat,0.0257825846899
new_2_227.mat,0.242568779646
new_2_228.mat,0.24440549066
new_2_229.mat,0.343346906632
new_2_230.mat,0.347022421223
new_2_231.mat,0.379661463999
new_2_232.mat,0.144501303598
new_2_233.mat,0.448750303588
new_2_234.mat,0.378543861625
new_2_235.mat,0.573647036444
new_2_236.mat,0.283948514648
new_2_237.mat,0.202889821404
new_2_238.mat,0.479373751936
new_2_239.mat,0.469619056453
new_2_240.mat,0.185959065751
new_2_241.mat,0.0486563190582
new_2_242.mat,0.40256614841
new_2_243.mat,0.303622684667
new_2_244.mat,0.425241651627
new_2_245.mat,0.557621875133
new_2_246.mat,0.47412695648
new_2_247.mat,0.479522288774
new_2_248.mat,0.355025195554
new_2_249.mat,0.414190424082
new_2_250.mat,0.33684041243
new_2_251.mat,0.531639945114
new_2_252.mat,0.32756845658
new_2_253.mat,0.417032077137
new_2_254.mat,0.171878804422
new_2_255.mat,0.499705714179
new_2_256.mat,0.481101317929
new_2_257.mat,0.446613749646
new_2_258.mat,0.268214144697
new_2_259.mat,0.253783703403
new_2_260.mat,0.322452546597
new_2_261.mat,0.45868290409
new_2_262.mat,0.308859680053
new_2_263.mat,0.424678824837
new_2_264.mat,0.361382408588
new_2_265.mat,0.382494409793
new_2_266.mat,0.312184770111
new_2_267.mat,0.534975440287
new_2_268.mat,0.467502283644
new_2_269.mat,0.460747341651
new_2_270.mat,0.515461027755
new_2_271.mat,0.494956988241
new_2_272.mat,0.47838359301
new_2_273.mat,0.141502883699
new_2_274.mat,0.0210469026109
new_2_275.mat,0.0298527655144
new_2_276.mat,0.184770967139
new_2_277.mat,0.575784784198
new_2_278.mat,0.367476535531
new_2_279.mat,0.383762377083
new_2_280.mat,0.110913116283
new_2_281.mat,0.118523445133
new_2_282.mat,0.283345828434
new_2_283.mat,0.599593826827
new_2_284.mat,0.327094314745
new_2_285.mat,0.394886675362
new_2_286.mat,0.506537252545
new_2_287.mat,0.0411089699464
new_2_288.mat,0.0230158048474
new_2_289.mat,0.403152042434
new_2_290.mat,0.399975768729
new_2_291.mat,0.5339097054
new_2_292.mat,0.0835667059545
new_2_293.mat,0.379242242087
new_2_294.mat,0.428979020388
new_2_295.mat,0.383410083503
new_2_296.mat,0.555067771467
new_2_297.mat,0.359058272069
new_2_298.mat,0.390251332449
new_2_299.mat,0.41758989188
new_2_300.mat,0.459058958148
new_2_301.mat,0.557186735619
new_2_302.mat,0.351335721487
new_2_303.mat,0.426091398298
new_2_304.mat,0.357045227913
new_2_305.mat,0.334254577552
new_2_306.mat,0.344768927887
new_2_307.mat,0.503964083809
new_2_308.mat,0.496268609181
new_2_309.mat,0.375737792304
new_2_310.mat,0.391385948992
new_2_311.mat,0.218058039265
new_2_312.mat,0.41979010977
new_2_313.mat,0.513623241658
new_2_314.mat,0.474911546417
new_2_315.mat,0.368894762798
new_2_316.mat,0.372681503344
new_2_317.mat,0.212159224277
new_2_318.mat,0.325420670512
new_2_319.mat,0.515274312556
new_2_320.mat,0.555932878208
new_2_321.mat,0.564973329925
new_2_322.mat,0.0572541295602
new_2_323.mat,0.550601896198
new_2_324.mat,0.101872985416
new_2_325.mat,0.448910139343
new_2_326.mat,0.537089262341
new_2_327.mat,0.455880068635
new_2_328.mat,0.395755883456
new_2_329.mat,0.030969351655
new_2_330.mat,0.608775058141
new_2_331.mat,0.511019380564
new_2_332.mat,0.448953848485
new_2_333.mat,0.514631896153
new_2_334.mat,0.444514237254
new_2_335.mat,0.0434907408963
new_2_336.mat,0.0143107271
new_2_337.mat,0.250464723208
new_2_338.mat,0.361430504208
new_2_339.mat,0.291229987775
new_2_340.mat,0.309598159479
new_2_341.mat,0.45492753986
new_2_342.mat,0.580731594674
new_2_343.mat,0.103225407587
new_2_344.mat,0.0193356643902
new_2_345.mat,0.356990925074
new_2_346.mat,0.539358038518
new_2_347.mat,0.145361112203
new_2_348.mat,0.407506033924
new_2_349.mat,0.229031080595
new_2_350.mat,0.245928041545
new_2_351.mat,0.385018777362
new_2_352.mat,0.533854346953
new_2_353.mat,0.270393501961
new_2_354.mat,0.583109593503
new_2_355.mat,0.140973568466
new_2_356.mat,0.424163744089
new_2_357.mat,0.0815545846566
new_2_358.mat,0.45680593053
new_2_359.mat,0.0726358487276
new_2_360.mat,0.358158863698
new_2_361.mat,0.539066688323
new_2_362.mat,0.409599848855
new_2_363.mat,0.34082262706
new_2_364.mat,0.500646773473
new_2_365.mat,0.312487014891
new_2_366.mat,0.385891741894
new_2_367.mat,0.293398789199
new_2_368.mat,0.118573718993
new_2_369.mat,0.390506310968
new_2_370.mat,0.363054568454
new_2_371.mat,0.394143556287
new_2_372.mat,0.357960265503
new_2_373.mat,0.334811185222
new_2_374.mat,0.552146856836
new_2_375.mat,0.362468034997
new_2_376.mat,0.258423410942
new_2_377.mat,0.39032879769
new_2_378.mat,0.131920535702
new_2_379.mat,0.438217616941
new_2_380.mat,0.42838195433
new_2_381.mat,0.313226672982
new_2_382.mat,0.45675968062
new_2_383.mat,0.151486875912
new_2_384.mat,0.412095879154
new_2_385.mat,0.399977100827
new_2_386.mat,0.252026555404
new_2_387.mat,0.367779991854
new_2_388.mat,0.534993433057
new_2_389.mat,0.472751271156
new_2_390.mat,0.577198210543
new_2_391.mat,0.336151979163
new_2_392.mat,0.025589319145
new_2_393.mat,0.509117296703
new_2_394.mat,0.365392597677
new_2_395.mat,0.0327755113952
new_2_396.mat,0.285721068141
new_2_397.mat,0.406129997555
new_2_398.mat,0.232225358723
new_2_399.mat,0.112754252256
new_2_400.mat,0.0265828837219
new_2_401.mat,0.0661262366026
new_2_402.mat,0.41443906349
new_2_403.mat,0.503122278225
new_2_404.mat,0.387295183153
new_2_405.mat,0.456733453192
new_2_406.mat,0.303302787949
new_2_407.mat,0.560140925745
new_2_408.mat,0.0285289233152
new_2_409.mat,0.457428083422
new_2_410.mat,0.082795532415
new_2_411.mat,0.445582764156
new_2_412.mat,0.482853149217
new_2_413.mat,0.403723285045
new_2_414.mat,0.278375032398
new_2_415.mat,0.505791967403
new_2_416.mat,0.50394405868
new_2_417.mat,0.440540512098
new_2_418.mat,0.394209109427
new_2_419.mat,0.565325916132
new_2_420.mat,0.311312188563
new_2_421.mat,0.552834959114
new_2_422.mat,0.359034809482
new_2_423.mat,0.367466041681
new_2_424.mat,0.369049746644
new_2_425.mat,0.416041898539
new_2_426.mat,0.574136780537
new_2_427.mat,0.300370662183
new_2_428.mat,0.0616592663468
new_2_429.mat,0.234563565357
new_2_430.mat,0.334869210248
new_2_431.mat,0.427422387319
new_2_432.mat,0.576243733493
new_2_433.mat,0.311312188563
new_2_434.mat,0.494270060809
new_2_435.mat,0.271404261273
new_2_436.mat,0.350892899104
new_2_437.mat,0.426767895572
new_2_438.mat,0.274496858412
new_2_439.mat,0.631692772099
new_2_440.mat,0.253587624856
new_2_441.mat,0.221584658703
new_2_442.mat,0.172043070881
new_2_443.mat,0.402243622786
new_2_444.mat,0.489295082348
new_2_445.mat,0.415312966754
new_2_446.mat,0.539616195526
new_2_447.mat,0.322897191921
new_2_448.mat,0.326768922185
new_2_449.mat,0.426752425637
new_2_450.mat,0.271248399291
new_2_451.mat,0.0330195946531
new_2_452.mat,0.371699221678
new_2_453.mat,0.442009605208
new_2_454.mat,0.310075833102
new_2_455.mat,0.394692665694
new_2_456.mat,0.013437254029
new_2_457.mat,0.496435173916
new_2_458.mat,0.030460540793
new_2_459.mat,0.0319907804735
new_2_460.mat,0.35791851026
new_2_461.mat,0.134230031092
new_2_462.mat,0.439951881636
new_2_463.mat,0.37388881663
new_2_464.mat,0.387738787853
new_2_465.mat,0.268201565941
new_2_466.mat,0.403473091935
new_2_467.mat,0.490631244986
new_2_468.mat,0.691532572856
new_2_469.mat,0.458669730467
new_2_470.mat,0.588035023946
new_2_471.mat,0.532210642747
new_2_472.mat,0.457392208861
new_2_473.mat,0.55387520018
new_2_474.mat,0.444955073807
new_2_475.mat,0.136997123854
new_2_476.mat,0.0276465548942
new_2_477.mat,0.34649021735
new_2_478.mat,0.338108427663
new_2_479.mat,0.594751462559
new_2_480.mat,0.495433462473
new_2_481.mat,0.407825008028
new_2_482.mat,0.457651300891
new_2_483.mat,0.468495484706
new_2_484.mat,0.0478915067638
new_2_485.mat,0.342430466964
new_2_486.mat,0.520367722545
new_2_487.mat,0.372023454756
new_2_488.mat,0.467296052766
new_2_489.mat,0.256543455697
new_2_490.mat,0.344804592277
new_2_491.mat,0.292097496986
new_2_492.mat,0.0383696257671
new_2_493.mat,0.502612697016
new_2_494.mat,0.355313253397
new_2_495.mat,0.546830406133
new_2_496.mat,0.384162347364
new_2_497.mat,0.510983318108
new_2_498.mat,0.508145825891
new_2_499.mat,0.311312188563
new_2_500.mat,0.299083401129
new_2_501.mat,0.00635184396127
new_2_502.mat,0.373092364183
new_2_503.mat,0.424504386871
new_2_504.mat,0.354927106766
new_2_505.mat,0.470478371567
new_2_506.mat,0.504601132623
new_2_507.mat,0.414234046269
new_2_508.mat,0.136864743383
new_2_509.mat,0.368476731552
new_2_510.mat,0.518275151564
new_2_511.mat,0.204123108675
new_2_512.mat,0.295826294507
new_2_513.mat,0.282551721946
new_2_514.mat,0.600400894826
new_2_515.mat,0.162116457924
new_2_516.mat,0.0928047846161
new_2_517.mat,0.40903255137
new_2_518.mat,0.390171103338
new_2_519.mat,0.489828482928
new_2_520.mat,0.375086256111
new_2_521.mat,0.279337100177
new_2_522.mat,0.31008342151
new_2_523.mat,0.0993724148486
new_2_524.mat,0.314711917759
new_2_525.mat,0.529651257927
new_2_526.mat,0.491499489576
new_2_527.mat,0.395902877313
new_2_528.mat,0.405573872175
new_2_529.mat,0.390400960275
new_2_530.mat,0.232396202029
new_2_531.mat,0.390413415489
new_2_532.mat,0.39275507291
new_2_533.mat,0.44059807093
new_2_534.mat,0.378654208384
new_2_535.mat,0.290085201162
new_2_536.mat,0.381841668911
new_2_537.mat,0.114170166386
new_2_538.mat,0.562903700627
new_2_539.mat,0.381465330938
new_2_540.mat,0.31316699322
new_2_541.mat,0.442556643902
new_2_542.mat,0.0969958352131
new_2_543.mat,0.551966910862
new_2_544.mat,0.388518729332
new_2_545.mat,0.278323711179
new_2_546.mat,0.351264005256
new_2_547.mat,0.488759534707
new_2_548.mat,0.437671931939
new_2_549.mat,0.359784173378
new_2_550.mat,0.428093816815
new_2_551.mat,0.40181483572
new_2_552.mat,0.297218669215
new_2_553.mat,0.5297262032
new_2_554.mat,0.318115927725
new_2_555.mat,0.0617304796383
new_2_556.mat,0.461660592588
new_2_557.mat,0.392149136323
new_2_558.mat,0.48736522758
new_2_559.mat,0.277184948549
new_2_560.mat,0.24903667598
new_2_561.mat,0.345966918735
new_2_562.mat,0.463893854913
new_2_563.mat,0.549320121283
new_2_564.mat,0.0841315176849
new_2_565.mat,0.328048766261
new_2_566.mat,0.300483949914
new_2_567.mat,0.450265983952
new_2_568.mat,0.471445895754
new_2_569.mat,0.268726333327
new_2_570.mat,0.52383327693
new_2_571.mat,0.163564428776
new_2_572.mat,0.390584656475
new_2_573.mat,0.294124068232
new_2_574.mat,0.465622427623
new_2_575.mat,0.425184582814
new_2_576.mat,0.430708994746
new_2_577.mat,0.336551868068
new_2_578.mat,0.389049057135
new_2_579.mat,0.406762311284
new_2_580.mat,0.364696112133
new_2_581.mat,0.573160563094
new_2_582.mat,0.0189276282421
new_2_583.mat,0.0287352553243
new_2_584.mat,0.422480675941
new_2_585.mat,0.378559488327
new_2_586.mat,0.129195681388
new_2_587.mat,0.0285701834871
new_2_588.mat,0.408612982886
new_2_589.mat,0.186107583333
new_2_590.mat,0.391590646644
new_2_591.mat,0.198343488989
new_2_592.mat,0.345020948287
new_2_593.mat,0.454512837264
new_2_594.mat,0.428404361113
new_2_595.mat,0.0568347551796
new_2_596.mat,0.36067477451
new_2_597.mat,0.352899516078
new_2_598.mat,0.294440301528
new_2_599.mat,0.424081399042
new_2_600.mat,0.276904947946
new_2_601.mat,0.577369857986
new_2_602.mat,0.153502156049
new_2_603.mat,0.617028868218
new_2_604.mat,0.390520102356
new_2_605.mat,0.367972190797
new_2_606.mat,0.0219679998557
new_2_607.mat,0.256911090574
new_2_608.mat,0.474848843726
new_2_609.mat,0.336165050657
new_2_610.mat,0.028717061682
new_2_611.mat,0.325945233953
new_2_612.mat,0.432912172427
new_2_613.mat,0.448888187047
new_2_614.mat,0.469863288208
new_2_615.mat,0.446773819441
new_2_616.mat,0.382305385875
new_2_617.mat,0.0407533606935
new_2_618.mat,0.423066395537
new_2_619.mat,0.144725038015
new_2_620.mat,0.480327660038
new_2_621.mat,0.512028023546
new_2_622.mat,0.415025389988
new_2_623.mat,0.375394769046
new_2_624.mat,0.535397779627
new_2_625.mat,0.0455194049547
new_2_626.mat,0.392139491852
new_2_627.mat,0.32678934947
new_2_628.mat,0.218486104751
new_2_629.mat,0.589492174443
new_2_630.mat,0.349944596071
new_2_631.mat,0.227670690181
new_2_632.mat,0.0835316281251
new_2_633.mat,0.426951620002
new_2_634.mat,0.389399644951
new_2_635.mat,0.255574472779
new_2_636.mat,0.351447433815
new_2_637.mat,0.432519012751
new_2_638.mat,0.333523115889
new_2_639.mat,0.390268443842
new_2_640.mat,0.402300998493
new_2_641.mat,0.46954024672
new_2_642.mat,0.383983216249
new_2_643.mat,0.352142654842
new_2_644.mat,0.464713202067
new_2_645.mat,0.406209745208
new_2_646.mat,0.376869292682
new_2_647.mat,0.467367385532
new_2_648.mat,0.488968858559
new_2_649.mat,0.426279982162
new_2_650.mat,0.508527235655
new_2_651.mat,0.452367587185
new_2_652.mat,0.170384302041
new_2_653.mat,0.2820704307
new_2_654.mat,0.474167491564
new_2_655.mat,0.228730198165
new_2_656.mat,0.168003419232
new_2_657.mat,0.0144384133277
new_2_658.mat,0.221041436692
new_2_659.mat,0.463503042654
new_2_660.mat,0.517663917387
new_2_661.mat,0.0122833439265
new_2_662.mat,0.402785860411
new_2_663.mat,0.287878082346
new_2_664.mat,0.112740552109
new_2_665.mat,0.357540243852
new_2_666.mat,0.490702560413
new_2_667.mat,0.433931204089
new_2_668.mat,0.123077795221
new_2_669.mat,0.437603380319
new_2_670.mat,0.3598258753
new_2_671.mat,0.462182661167
new_2_672.mat,0.328942632061
new_2_673.mat,0.422120738341
new_2_674.mat,0.419637472921
new_2_675.mat,0.428221018421
new_2_676.mat,0.218576237305
new_2_677.mat,0.349700584965
new_2_678.mat,0.354144420838
new_2_679.mat,0.0205050182665
new_2_680.mat,0.384685532719
new_2_681.mat,0.52779589434
new_2_682.mat,0.316920615811
new_2_683.mat,0.442516760916
new_2_684.mat,0.417849738727
new_2_685.mat,0.258478548858
new_2_686.mat,0.232751099454
new_2_687.mat,0.497729951593
new_2_688.mat,0.173473255362
new_2_689.mat,0.388021457847
new_2_690.mat,0.503960175268
new_2_691.mat,0.542990325425
new_2_692.mat,0.512655254572
new_2_693.mat,0.152495568642
new_2_694.mat,0.423540452319
new_2_695.mat,0.319468756505
new_2_696.mat,0.502366820226
new_2_697.mat,0.370830014453
new_2_698.mat,0.467311089207
new_2_699.mat,0.285390421072
new_2_700.mat,0.47716103019
new_2_701.mat,0.317965083158
new_2_702.mat,0.601846527732
new_2_703.mat,0.195725282162
new_2_704.mat,0.460009962204
new_2_705.mat,0.614744668722
new_2_706.mat,0.449746626165
new_2_707.mat,0.407358034686
new_2_708.mat,0.301646855538
new_2_709.mat,0.628082455344
new_2_710.mat,0.432139428322
new_2_711.mat,0.379748862561
new_2_712.mat,0.523923763104
new_2_713.mat,0.0318260697631
new_2_714.mat,0.410119640704
new_2_715.mat,0.523169897517
new_2_716.mat,0.0787713085176
new_2_717.mat,0.0237002895792
new_2_718.mat,0.335365660544
new_2_719.mat,0.139753176361
new_2_720.mat,0.317462473716
new_2_721.mat,0.567285066904
new_2_722.mat,0.357307133916
new_2_723.mat,0.34565039984
new_2_724.mat,0.0398780047267
new_2_725.mat,0.426629238556
new_2_726.mat,0.460196435044
new_2_727.mat,0.642580415589
new_2_728.mat,0.464308249238
new_2_729.mat,0.490335561869
new_2_730.mat,0.550995942068
new_2_731.mat,0.377448330475
new_2_732.mat,0.449393760209
new_2_733.mat,0.443789023551
new_2_734.mat,0.0329406505719
new_2_735.mat,0.476814156953
new_2_736.mat,0.531397602287
new_2_737.mat,0.256128220053
new_2_738.mat,0.395197286496
new_2_739.mat,0.382493565872
new_2_740.mat,0.311312188563
new_2_741.mat,0.349208364399
new_2_742.mat,0.131337118247
new_2_743.mat,0.188820753782
new_2_744.mat,0.57036410823
new_2_745.mat,0.313245551853
new_2_746.mat,0.559707726814
new_2_747.mat,0.16531225913
new_2_748.mat,0.392403362251
new_2_749.mat,0.244856266613
new_2_750.mat,0.0182365739288
new_2_751.mat,0.0258396674852
new_2_752.mat,0.178368721431
new_2_753.mat,0.304201237784
new_2_754.mat,0.356367873673
new_2_755.mat,0.234245120103
new_2_756.mat,0.274148610268
new_2_757.mat,0.130268580377
new_2_758.mat,0.609722637497
new_2_759.mat,0.131690550828
new_2_760.mat,0.570440839176
new_2_761.mat,0.270973054359
new_2_762.mat,0.445174697762
new_2_763.mat,0.432477765958
new_2_764.mat,0.198389452472
new_2_765.mat,0.51367122996
new_2_766.mat,0.291837468583
new_2_767.mat,0.397119232772
new_2_768.mat,0.339071149662
new_2_769.mat,0.400717947845
new_2_770.mat,0.343468823602
new_2_771.mat,0.501032528842
new_2_772.mat,0.347612219164
new_2_773.mat,0.582241822822
new_2_774.mat,0.472617716299
new_2_775.mat,0.47549144367
new_2_776.mat,0.344395038272
new_2_777.mat,0.548961141839
new_2_778.mat,0.250713260519
new_2_779.mat,0.317520594321
new_2_780.mat,0.377779519762
new_2_781.mat,0.410752917817
new_2_782.mat,0.394582769671
new_2_783.mat,0.46356591909
new_2_784.mat,0.424130943774
new_2_785.mat,0.37327972776
new_2_786.mat,0.576449434042
new_2_787.mat,0.216110893568
new_2_788.mat,0.48664625898
new_2_789.mat,0.402909575835
new_2_790.mat,0.489772912563
new_2_791.mat,0.447255182465
new_2_792.mat,0.345196081816
new_2_793.mat,0.261249264067
new_2_794.mat,0.467609919285
new_2_795.mat,0.540674535412
new_2_796.mat,0.559379025698
new_2_797.mat,0.150093716083
new_2_798.mat,0.561950571048
new_2_799.mat,0.0235808082979
new_2_800.mat,0.433793957811
new_2_801.mat,0.363196913346
new_2_802.mat,0.422388234223
new_2_803.mat,0.0596996818388
new_2_804.mat,0.403178344398
new_2_805.mat,0.435691941523
new_2_806.mat,0.506100551757
new_2_807.mat,0.450326419913
new_2_808.mat,0.456836804264
new_2_809.mat,0.0647614925948
new_2_810.mat,0.12798567196
new_2_811.mat,0.375086829741
new_2_812.mat,0.595091960318
new_2_813.mat,0.513103954761
new_2_814.mat,0.366890977858
new_2_815.mat,0.563023778065
new_2_816.mat,0.0773731660992
new_2_817.mat,0.321891326822
new_2_818.mat,0.326431718923
new_2_819.mat,0.328078047089
new_2_820.mat,0.182514984736
new_2_821.mat,0.111355152792
new_2_822.mat,0.402493256247
new_2_823.mat,0.209243662281
new_2_824.mat,0.568635061699
new_2_825.mat,0.161337834
new_2_826.mat,0.176189089189
new_2_827.mat,0.45372557025
new_2_828.mat,0.161255945792
new_2_829.mat,0.327677221612
new_2_830.mat,0.285293540474
new_2_831.mat,0.457212884522
new_2_832.mat,0.532588460113
new_2_833.mat,0.352263286693
new_2_834.mat,0.491849058897
new_2_835.mat,0.335921228432
new_2_836.mat,0.44799059761
new_2_837.mat,0.514458048708
new_2_838.mat,0.254239405554
new_2_839.mat,0.522157699126
new_2_840.mat,0.182476676461
new_2_841.mat,0.387789962661
new_2_842.mat,0.316674200471
new_2_843.mat,0.339401703674
new_2_844.mat,0.324188537391
new_2_845.mat,0.370922197055
new_2_846.mat,0.388014038357
new_2_847.mat,0.4155114026
new_2_848.mat,0.0294264966169
new_2_849.mat,0.553065639188
new_2_850.mat,0.496313214708
new_2_851.mat,0.0350118588169
new_2_852.mat,0.0239724587648
new_2_853.mat,0.439370302457
new_2_854.mat,0.5266453173
new_2_855.mat,0.330784539144
new_2_856.mat,0.0507803783796
new_2_857.mat,0.0331940008817
new_2_858.mat,0.349471404602
new_2_859.mat,0.0609069921612
new_2_860.mat,0.142732954186
new_2_861.mat,0.0824293206781
new_2_862.mat,0.505716210021
new_2_863.mat,0.473806503916
new_2_864.mat,0.458073146235
new_2_865.mat,0.248312942226
new_2_866.mat,0.287655319334
new_2_867.mat,0.491858472932
new_2_868.mat,0.586424471865
new_2_869.mat,0.507587040568
new_2_870.mat,0.467807797342
new_2_871.mat,0.473071794949
new_2_872.mat,0.451388135141
new_2_873.mat,0.0259962076829
new_2_874.mat,0.351404825333
new_2_875.mat,0.364600449502
new_2_876.mat,0.372706451455
new_2_877.mat,0.292610352132
new_2_878.mat,0.400536511073
new_2_879.mat,0.266625851766
new_2_880.mat,0.307685281923
new_2_881.mat,0.0112805935567
new_2_882.mat,0.405177226663
new_2_883.mat,0.358875860745
new_2_884.mat,0.521789144216
new_2_885.mat,0.491272037424
new_2_886.mat,0.463504484422
new_2_887.mat,0.45270167698
new_2_888.mat,0.43906346849
new_2_889.mat,0.479452199339
new_2_890.mat,0.0335982147002
new_2_891.mat,0.43349580363
new_2_892.mat,0.280264826597
new_2_893.mat,0.275316136652
new_2_894.mat,0.45532376318
new_2_895.mat,0.598974582984
new_2_896.mat,0.549040429018
new_2_897.mat,0.351521358404
new_2_898.mat,0.103016470438
new_2_899.mat,0.29924471664
new_2_900.mat,0.341990023722
new_2_901.mat,0.25759047065
new_2_902.mat,0.462854101384
new_2_903.mat,0.39281135975
new_2_904.mat,0.397924352808
new_2_905.mat,0.146730519801
new_2_906.mat,0.375144716587
new_2_907.mat,0.242712373663
new_2_908.mat,0.342029754403
new_2_909.mat,0.0277661003306
new_2_910.mat,0.25266550402
new_2_911.mat,0.527055987712
new_2_912.mat,0.455594967691
new_2_913.mat,0.474902984938
new_2_914.mat,0.435448181812
new_2_915.mat,0.293642364558
new_2_916.mat,0.405554010304
new_2_917.mat,0.347740980073
new_2_918.mat,0.552523936404
new_2_919.mat,0.380709572928
new_2_920.mat,0.268069456399
new_2_921.mat,0.39131375356
new_2_922.mat,0.407228873665
new_2_923.mat,0.411105022626
new_2_924.mat,0.606252013901
new_2_925.mat,0.44904981862
new_2_926.mat,0.304829536789
new_2_927.mat,0.380798842222
new_2_928.mat,0.505509261438
new_2_929.mat,0.462817182267
new_2_930.mat,0.363025100669
new_2_931.mat,0.413244666078
new_2_932.mat,0.122753760431
new_2_933.mat,0.53665722554
new_2_934.mat,0.457103133317
new_2_935.mat,0.362827315732
new_2_936.mat,0.19026235056
new_2_937.mat,0.218140404198
new_2_938.mat,0.117032507826
new_2_939.mat,0.526580946425
new_2_940.mat,0.308028348051
new_2_941.mat,0.449544873365
new_2_942.mat,0.341004016005
new_2_943.mat,0.52932556169
new_2_944.mat,0.257367853106
new_2_945.mat,0.190435394588
new_2_946.mat,0.348191241137
new_2_947.mat,0.0607297930248
new_2_948.mat,0.360390623802
new_2_949.mat,0.354812209893
new_2_950.mat,0.437671925316
new_2_951.mat,0.615278057552
new_2_952.mat,0.268623849127
new_2_953.mat,0.512210248693
new_2_954.mat,0.386182663354
new_2_955.mat,0.451223454563
new_2_956.mat,0.210623963814
new_2_957.mat,0.354776104578
new_2_958.mat,0.520309605153
new_2_959.mat,0.0359620461719
new_2_960.mat,0.439189309839
new_2_961.mat,0.512654221837
new_2_962.mat,0.189912007929
new_2_963.mat,0.342531996596
new_2_964.mat,0.533066371395
new_2_965.mat,0.369669472122
new_2_966.mat,0.246861766491
new_2_967.mat,0.296128190953
new_2_968.mat,0.472156839486
new_2_969.mat,0.209660516088
new_2_970.mat,0.305424690008
new_2_971.mat,0.508477454369
new_2_972.mat,0.266655168763
new_2_973.mat,0.412114831276
new_2_974.mat,0.0965649008493
new_2_975.mat,0.419245219899
new_2_976.mat,0.516370512649
new_2_977.mat,0.423263177188
new_2_978.mat,0.496066794082
new_2_979.mat,0.399766460043
new_2_980.mat,0.453591409592
new_2_981.mat,0.596845627623
new_2_982.mat,0.256283384587
new_2_983.mat,0.269124978597
new_2_984.mat,0.102954165519
new_2_985.mat,0.434911529365
new_2_986.mat,0.280103360564
new_2_987.mat,0.423399142696
new_2_988.mat,0.0887638136816
new_2_989.mat,0.410882051987
new_2_990.mat,0.414785804093
new_2_991.mat,0.281194967949
new_2_992.mat,0.243858291374
new_2_993.mat,0.503716182821
new_2_994.mat,0.436301820024
new_2_995.mat,0.446178069251
new_2_996.mat,0.0564745583341
new_2_997.mat,0.316644286947
new_2_998.mat,0.0425019900431
new_2_999.mat,0.423108748619
new_2_1000.mat,0.401149345896
new_2_1001.mat,0.516700722989
new_2_1002.mat,0.286962231487
new_3_1.mat,0.334530603917
new_3_2.mat,0.451319414205
new_3_3.mat,0.350758718621
new_3_4.mat,0.232021509616
new_3_5.mat,0.307802500983
new_3_6.mat,0.382739474264
new_3_7.mat,0.313822041009
new_3_8.mat,0.386219009554
new_3_9.mat,0.499754030869
new_3_10.mat,0.382941767987
new_3_11.mat,0.0940186933678
new_3_12.mat,0.38020454113
new_3_13.mat,0.437398757306
new_3_14.mat,0.396882727849
new_3_15.mat,0.408319220281
new_3_16.mat,0.0650267987032
new_3_17.mat,0.39118491778
new_3_18.mat,0.418206494064
new_3_19.mat,0.511941477167
new_3_20.mat,0.473687253625
new_3_21.mat,0.21512452392
new_3_22.mat,0.0634404546265
new_3_23.mat,0.5125637291
new_3_24.mat,0.408603196972
new_3_25.mat,0.367449969149
new_3_26.mat,0.123312814578
new_3_27.mat,0.569573605099
new_3_28.mat,0.342682780055
new_3_29.mat,0.418897783678
new_3_30.mat,0.410458533264
new_3_31.mat,0.479332623538
new_3_32.mat,0.294214563171
new_3_33.mat,0.376162672828
new_3_34.mat,0.233606110713
new_3_35.mat,0.36029692535
new_3_36.mat,0.479603318856
new_3_37.mat,0.382662214579
new_3_38.mat,0.406442020131
new_3_39.mat,0.234081218484
new_3_40.mat,0.539012438144
new_3_41.mat,0.510389779281
new_3_42.mat,0.322476314761
new_3_43.mat,0.413149034644
new_3_44.mat,0.365021767334
new_3_45.mat,0.382132627321
new_3_46.mat,0.456328804902
new_3_47.mat,0.246221117678
new_3_48.mat,0.279918143917
new_3_49.mat,0.16293472291
new_3_50.mat,0.402137485332
new_3_51.mat,0.297020221494
new_3_52.mat,0.42480815268
new_3_53.mat,0.455933143294
new_3_54.mat,0.446422103747
new_3_55.mat,0.31156644291
new_3_56.mat,0.401534581837
new_3_57.mat,0.445821852996
new_3_58.mat,0.496381060997
new_3_59.mat,0.320184805807
new_3_60.mat,0.349695437542
new_3_61.mat,0.0996717807284
new_3_62.mat,0.475975085622
new_3_63.mat,0.455505954842
new_3_64.mat,0.356622557541
new_3_65.mat,0.303115984157
new_3_66.mat,0.365621954564
new_3_67.mat,0.314280398369
new_3_68.mat,0.319181037193
new_3_69.mat,0.409495089327
new_3_70.mat,0.285407196659
new_3_71.mat,0.337965818867
new_3_72.mat,0.298341674704
new_3_73.mat,0.324967218352
new_3_74.mat,0.466859598635
new_3_75.mat,0.26130708216
new_3_76.mat,0.199934306497
new_3_77.mat,0.394712246352
new_3_78.mat,0.343426654181
new_3_79.mat,0.321200375162
new_3_80.mat,0.361258402354
new_3_81.mat,0.284683742726
new_3_82.mat,0.126907032525
new_3_83.mat,0.268371945398
new_3_84.mat,0.256340560287
new_3_85.mat,0.286042876908
new_3_86.mat,0.272423006222
new_3_87.mat,0.217469629519
new_3_88.mat,0.389507188606
new_3_89.mat,0.162297355722
new_3_90.mat,0.248046279946
new_3_91.mat,0.259276131597
new_3_92.mat,0.0682551891476
new_3_93.mat,0.504857281103
new_3_94.mat,0.491124014579
new_3_95.mat,0.279056893623
new_3_96.mat,0.678434866789
new_3_97.mat,0.266035904904
new_3_98.mat,0.376444784562
new_3_99.mat,0.0674979200937
new_3_100.mat,0.402095472642
new_3_101.mat,0.263147760218
new_3_102.mat,0.420496865315
new_3_103.mat,0.266978955725
new_3_104.mat,0.306405818735
new_3_105.mat,0.461089602377
new_3_106.mat,0.281345230439
new_3_107.mat,0.436842445218
new_3_108.mat,0.263746716588
new_3_109.mat,0.480428901292
new_3_110.mat,0.370759184177
new_3_111.mat,0.217747964501
new_3_112.mat,0.467692295969
new_3_113.mat,0.377226748756
new_3_114.mat,0.347475814595
new_3_115.mat,0.435702709502
new_3_116.mat,0.526001629252
new_3_117.mat,0.383080497832
new_3_118.mat,0.318071357431
new_3_119.mat,0.121541848231
new_3_120.mat,0.332627963258
new_3_121.mat,0.352948340134
new_3_122.mat,0.377406659997
new_3_123.mat,0.542995171589
new_3_124.mat,0.305426667835
new_3_125.mat,0.219642640363
new_3_126.mat,0.333643543349
new_3_127.mat,0.339214601086
new_3_128.mat,0.368449389862
new_3_129.mat,0.317935440376
new_3_130.mat,0.318644877161
new_3_131.mat,0.274492696442
new_3_132.mat,0.346915730762
new_3_133.mat,0.189696663199
new_3_134.mat,0.447291768245
new_3_135.mat,0.41082829809
new_3_136.mat,0.0898671958569
new_3_137.mat,0.33372261939
new_3_138.mat,0.310288169795
new_3_139.mat,0.37026013801
new_3_140.mat,0.260096138442
new_3_141.mat,0.109450951007
new_3_142.mat,0.31187834126
new_3_143.mat,0.106781133683
new_3_144.mat,0.196123175231
new_3_145.mat,0.391972973715
new_3_146.mat,0.385935699921
new_3_147.mat,0.365902667543
new_3_148.mat,0.425653547044
new_3_149.mat,0.243843561805
new_3_150.mat,0.43008034664
new_3_151.mat,0.466647812855
new_3_152.mat,0.355085173211
new_3_153.mat,0.400306688928
new_3_154.mat,0.512767195705
new_3_155.mat,0.587757937032
new_3_156.mat,0.263892384653
new_3_157.mat,0.433731901821
new_3_158.mat,0.385799499174
new_3_159.mat,0.326721710013
new_3_160.mat,0.29311320555
new_3_161.mat,0.333529116099
new_3_162.mat,0.362151785355
new_3_163.mat,0.161679839314
new_3_164.mat,0.509600271166
new_3_165.mat,0.390804175396
new_3_166.mat,0.386927126775
new_3_167.mat,0.36417087634
new_3_168.mat,0.332293650988
new_3_169.mat,0.295654203154
new_3_170.mat,0.193323106745
new_3_171.mat,0.269958228127
new_3_172.mat,0.119381687507
new_3_173.mat,0.425890836318
new_3_174.mat,0.346880670331
new_3_175.mat,0.350250379034
new_3_176.mat,0.0636603770034
new_3_177.mat,0.376114246313
new_3_178.mat,0.478856617697
new_3_179.mat,0.270386862378
new_3_180.mat,0.178741070233
new_3_181.mat,0.31337974463
new_3_182.mat,0.438014170852
new_3_183.mat,0.393691097176
new_3_184.mat,0.277297203694
new_3_185.mat,0.46974111304
new_3_186.mat,0.383037747579
new_3_187.mat,0.213251425247
new_3_188.mat,0.428400013643
new_3_189.mat,0.709955209352
new_3_190.mat,0.433122770405
new_3_191.mat,0.583898947809
new_3_192.mat,0.105333878444
new_3_193.mat,0.407136696469
new_3_194.mat,0.261183993158
new_3_195.mat,0.511940213695
new_3_196.mat,0.324459082631
new_3_197.mat,0.32298700749
new_3_198.mat,0.320504447669
new_3_199.mat,0.481230897868
new_3_200.mat,0.216200156711
new_3_201.mat,0.319046807408
new_3_202.mat,0.405610569387
new_3_203.mat,0.136509001173
new_3_204.mat,0.160294817114
new_3_205.mat,0.0448943243149
new_3_206.mat,0.369515539297
new_3_207.mat,0.329816617599
new_3_208.mat,0.490647874717
new_3_209.mat,0.498357472651
new_3_210.mat,0.467921549166
new_3_211.mat,0.370032521354
new_3_212.mat,0.201548526623
new_3_213.mat,0.372269470087
new_3_214.mat,0.379246309607
new_3_215.mat,0.295523710618
new_3_216.mat,0.305555860204
new_3_217.mat,0.162128945273
new_3_218.mat,0.399897089135
new_3_219.mat,0.246001640207
new_3_220.mat,0.46689082355
new_3_221.mat,0.422314218213
new_3_222.mat,0.530475584214
new_3_223.mat,0.486430266673
new_3_224.mat,0.376814076885
new_3_225.mat,0.446151588024
new_3_226.mat,0.319597842056
new_3_227.mat,0.292405961078
new_3_228.mat,0.142468700204
new_3_229.mat,0.290320153358
new_3_230.mat,0.147877906272
new_3_231.mat,0.261987296466
new_3_232.mat,0.546813872361
new_3_233.mat,0.197633657118
new_3_234.mat,0.352448304535
new_3_235.mat,0.349050607214
new_3_236.mat,0.385176926572
new_3_237.mat,0.32607167381
new_3_238.mat,0.439995268136
new_3_239.mat,0.336406727856
new_3_240.mat,0.34267742849
new_3_241.mat,0.464950662425
new_3_242.mat,0.496121000124
new_3_243.mat,0.324941318043
new_3_244.mat,0.298429053407
new_3_245.mat,0.107316144264
new_3_246.mat,0.380881574708
new_3_247.mat,0.519606173128
new_3_248.mat,0.29959466862
new_3_249.mat,0.401990082888
new_3_250.mat,0.307508355297
new_3_251.mat,0.448600503306
new_3_252.mat,0.535622063865
new_3_253.mat,0.234080559319
new_3_254.mat,0.383184246052
new_3_255.mat,0.363458320131
new_3_256.mat,0.39410879804
new_3_257.mat,0.296942368483
new_3_258.mat,0.32823454882
new_3_259.mat,0.579723175818
new_3_260.mat,0.379734522822
new_3_261.mat,0.394121607387
new_3_262.mat,0.53455937639
new_3_263.mat,0.453216396693
new_3_264.mat,0.137794144086
new_3_265.mat,0.335280804377
new_3_266.mat,0.285606586498
new_3_267.mat,0.282432320179
new_3_268.mat,0.547781386362
new_3_269.mat,0.423494846201
new_3_270.mat,0.424979262904
new_3_271.mat,0.371009774635
new_3_272.mat,0.369344032676
new_3_273.mat,0.381445130036
new_3_274.mat,0.199467904735
new_3_275.mat,0.395654500305
new_3_276.mat,0.132738245088
new_3_277.mat,0.383840428029
new_3_278.mat,0.408480836942
new_3_279.mat,0.164872080622
new_3_280.mat,0.407503085978
new_3_281.mat,0.12912709079
new_3_282.mat,0.314675001046
new_3_283.mat,0.413790880375
new_3_284.mat,0.479105782591
new_3_285.mat,0.740455294767
new_3_286.mat,0.472794556349
new_3_287.mat,0.429506599749
new_3_288.mat,0.175981020416
new_3_289.mat,0.258320054349
new_3_290.mat,0.2026565561
new_3_291.mat,0.241830117039
new_3_292.mat,0.313008121018
new_3_293.mat,0.450733112469
new_3_294.mat,0.344592836617
new_3_295.mat,0.0745108905582
new_3_296.mat,0.578230911272
new_3_297.mat,0.430573853316
new_3_298.mat,0.380762869483
new_3_299.mat,0.289870344306
new_3_300.mat,0.475571361363
new_3_301.mat,0.510150585234
new_3_302.mat,0.388775799562
new_3_303.mat,0.38307532367
new_3_304.mat,0.373929049986
new_3_305.mat,0.460635065776
new_3_306.mat,0.282428557504
new_3_307.mat,0.435894003036
new_3_308.mat,0.253113747081
new_3_309.mat,0.440130040831
new_3_310.mat,0.249568305737
new_3_311.mat,0.351176963902
new_3_312.mat,0.296550546009
new_3_313.mat,0.55191885967
new_3_314.mat,0.509084075713
new_3_315.mat,0.393985830644
new_3_316.mat,0.410689191187
new_3_317.mat,0.268525951555
new_3_318.mat,0.502305718097
new_3_319.mat,0.258564019772
new_3_320.mat,0.273850720668
new_3_321.mat,0.356761848428
new_3_322.mat,0.423710945694
new_3_323.mat,0.15206501848
new_3_324.mat,0.430756305385
new_3_325.mat,0.170943453332
new_3_326.mat,0.355665995684
new_3_327.mat,0.31707251553
new_3_328.mat,0.34023902133
new_3_329.mat,0.384795751014
new_3_330.mat,0.454900324451
new_3_331.mat,0.215338696631
new_3_332.mat,0.455275507489
new_3_333.mat,0.206312171547
new_3_334.mat,0.329481982775
new_3_335.mat,0.445564200676
new_3_336.mat,0.234405774169
new_3_337.mat,0.183312039012
new_3_338.mat,0.249045439717
new_3_339.mat,0.481721306344
new_3_340.mat,0.331371296917
new_3_341.mat,0.483570007406
new_3_342.mat,0.466862700633
new_3_343.mat,0.490026157991
new_3_344.mat,0.16812669384
new_3_345.mat,0.390471375996
new_3_346.mat,0.262128139498
new_3_347.mat,0.35484752157
new_3_348.mat,0.434451854936
new_3_349.mat,0.256892898775
new_3_350.mat,0.789672385426
new_3_351.mat,0.467257709195
new_3_352.mat,0.281965159032
new_3_353.mat,0.374721612643
new_3_354.mat,0.435745980707
new_3_355.mat,0.367962342123
new_3_356.mat,0.410732399183
new_3_357.mat,0.182970405095
new_3_358.mat,0.317276338417
new_3_359.mat,0.426489702764
new_3_360.mat,0.426741547379
new_3_361.mat,0.347606634845
new_3_362.mat,0.556755230679
new_3_363.mat,0.439604048019
new_3_364.mat,0.389772573089
new_3_365.mat,0.490696471053
new_3_366.mat,0.433382385234
new_3_367.mat,0.202693816896
new_3_368.mat,0.48120280736
new_3_369.mat,0.123683980616
new_3_370.mat,0.330275246712
new_3_371.mat,0.396875351452
new_3_372.mat,0.405188202553
new_3_373.mat,0.0893232445356
new_3_374.mat,0.30146931661
new_3_375.mat,0.315916106156
new_3_376.mat,0.235075665674
new_3_377.mat,0.428569068453
new_3_378.mat,0.517574873904
new_3_379.mat,0.479865333075
new_3_380.mat,0.276915794422
new_3_381.mat,0.328314189124
new_3_382.mat,0.341663254901
new_3_383.mat,0.451291908229
new_3_384.mat,0.228271619988
new_3_385.mat,0.344077899187
new_3_386.mat,0.426869275651
new_3_387.mat,0.260873419371
new_3_388.mat,0.222041436293
new_3_389.mat,0.342476703886
new_3_390.mat,0.0611657610808
new_3_391.mat,0.473354949401
new_3_392.mat,0.337494472598
new_3_393.mat,0.332236611424
new_3_394.mat,0.243862149598
new_3_395.mat,0.262108833407
new_3_396.mat,0.27286472173
new_3_397.mat,0.344779376553
new_3_398.mat,0.392494466892
new_3_399.mat,0.110674371587
new_3_400.mat,0.293922909052
new_3_401.mat,0.211652178202
new_3_402.mat,0.453570292494
new_3_403.mat,0.317366249334
new_3_404.mat,0.452213961083
new_3_405.mat,0.337481413201
new_3_406.mat,0.431819846218
new_3_407.mat,0.0713284914425
new_3_408.mat,0.549557372011
new_3_409.mat,0.461169723002
new_3_410.mat,0.487371421224
new_3_411.mat,0.236428404542
new_3_412.mat,0.607920233896
new_3_413.mat,0.311812593843
new_3_414.mat,0.242734648156
new_3_415.mat,0.288038527203
new_3_416.mat,0.288951921621
new_3_417.mat,0.353438951859
new_3_418.mat,0.435030093347
new_3_419.mat,0.150578289374
new_3_420.mat,0.388450380708
new_3_421.mat,0.476718528824
new_3_422.mat,0.339178825957
new_3_423.mat,0.463010716761
new_3_424.mat,0.457991961626
new_3_425.mat,0.475135007758
new_3_426.mat,0.514850778348
new_3_427.mat,0.339665966632
new_3_428.mat,0.308625443942
new_3_429.mat,0.394785586932
new_3_430.mat,0.383454284648
new_3_431.mat,0.195743490521
new_3_432.mat,0.328375423637
new_3_433.mat,0.345686553865
new_3_434.mat,0.30072773915
new_3_435.mat,0.321905594409
new_3_436.mat,0.377276131562
new_3_437.mat,0.399369357219
new_3_438.mat,0.422098849828
new_3_439.mat,0.534356398437
new_3_440.mat,0.583744707409
new_3_441.mat,0.106937345605
new_3_442.mat,0.32894691056
new_3_443.mat,0.375952479306
new_3_444.mat,0.359055075259
new_3_445.mat,0.390555381222
new_3_446.mat,0.166303743299
new_3_447.mat,0.423962025327
new_3_448.mat,0.231411332669
new_3_449.mat,0.496924262768
new_3_450.mat,0.228892466941
new_3_451.mat,0.358563740603
new_3_452.mat,0.378300534941
new_3_453.mat,0.472840468076
new_3_454.mat,0.422271881176
new_3_455.mat,0.110498419569
new_3_456.mat,0.467962460131
new_3_457.mat,0.192872027671
new_3_458.mat,0.407046112404
new_3_459.mat,0.459487807854
new_3_460.mat,0.461338504658
new_3_461.mat,0.305743568587
new_3_462.mat,0.459781601275
new_3_463.mat,0.344579604024
new_3_464.mat,0.316482648509
new_3_465.mat,0.439197340176
new_3_466.mat,0.478341385138
new_3_467.mat,0.293060110837
new_3_468.mat,0.431822938688
new_3_469.mat,0.370567817245
new_3_470.mat,0.407585686975
new_3_471.mat,0.431866910217
new_3_472.mat,0.413016952041
new_3_473.mat,0.391329797375
new_3_474.mat,0.300247958668
new_3_475.mat,0.466542589791
new_3_476.mat,0.363661075616
new_3_477.mat,0.39428136773
new_3_478.mat,0.164317164311
new_3_479.mat,0.29444783772
new_3_480.mat,0.349977832996
new_3_481.mat,0.425350347871
new_3_482.mat,0.274437048737
new_3_483.mat,0.487758419113
new_3_484.mat,0.34444478498
new_3_485.mat,0.306331156539
new_3_486.mat,0.223709702805
new_3_487.mat,0.487476074994
new_3_488.mat,0.585450710985
new_3_489.mat,0.500721605334
new_3_490.mat,0.317457066356
new_3_491.mat,0.368167917063
new_3_492.mat,0.4341753557
new_3_493.mat,0.353779247078
new_3_494.mat,0.44058751797
new_3_495.mat,0.343827136788
new_3_496.mat,0.461969020394
new_3_497.mat,0.319671593124
new_3_498.mat,0.158334280677
new_3_499.mat,0.516820617233
new_3_500.mat,0.407985461213
new_3_501.mat,0.231564107664
new_3_502.mat,0.508563113912
new_3_503.mat,0.328582961109
new_3_504.mat,0.507550880073
new_3_505.mat,0.140019904224
new_3_506.mat,0.363049059386
new_3_507.mat,0.289948966718
new_3_508.mat,0.410307457979
new_3_509.mat,0.556734655107
new_3_510.mat,0.329211986861
new_3_511.mat,0.18463200376
new_3_512.mat,0.580213722093
new_3_513.mat,0.251171204459
new_3_514.mat,0.285802262415
new_3_515.mat,0.50211303134
new_3_516.mat,0.104600223076
new_3_517.mat,0.31505447741
new_3_518.mat,0.399017510744
new_3_519.mat,0.471514128225
new_3_520.mat,0.250418868469
new_3_521.mat,0.248027140805
new_3_522.mat,0.634213671626
new_3_523.mat,0.561509914076
new_3_524.mat,0.378191860362
new_3_525.mat,0.287441287486
new_3_526.mat,0.152031212137
new_3_527.mat,0.474663959741
new_3_528.mat,0.302234033526
new_3_529.mat,0.3595517373
new_3_530.mat,0.27441818223
new_3_531.mat,0.432183336283
new_3_532.mat,0.32915789325
new_3_533.mat,0.465953462974
new_3_534.mat,0.205050852462
new_3_535.mat,0.2991170588
new_3_536.mat,0.485037207761
new_3_537.mat,0.513235681956
new_3_538.mat,0.115942723732
new_3_539.mat,0.527599483572
new_3_540.mat,0.292237061906
new_3_541.mat,0.42045757651
new_3_542.mat,0.302918934518
new_3_543.mat,0.311712316931
new_3_544.mat,0.323599269351
new_3_545.mat,0.370148778626
new_3_546.mat,0.436810931138
new_3_547.mat,0.325042835185
new_3_548.mat,0.302150519196
new_3_549.mat,0.244627207836
new_3_550.mat,0.597715125255
new_3_551.mat,0.483657520945
new_3_552.mat,0.290254089497
new_3_553.mat,0.291323267954
new_3_554.mat,0.547529443445
new_3_555.mat,0.100470278327
new_3_556.mat,0.500367285681
new_3_557.mat,0.292511097047
new_3_558.mat,0.391820031911
new_3_559.mat,0.494234607173
new_3_560.mat,0.423201300799
new_3_561.mat,0.336232098977
new_3_562.mat,0.366011949134
new_3_563.mat,0.425050512327
new_3_564.mat,0.235614286112
new_3_565.mat,0.303308413295
new_3_566.mat,0.453889613363
new_3_567.mat,0.315829970794
new_3_568.mat,0.404205970381
new_3_569.mat,0.258083781331
new_3_570.mat,0.532933753978
new_3_571.mat,0.234457107226
new_3_572.mat,0.443278203168
new_3_573.mat,0.474573070152
new_3_574.mat,0.482846182334
new_3_575.mat,0.40178205881
new_3_576.mat,0.252026386466
new_3_577.mat,0.538205154881
new_3_578.mat,0.191513460942
new_3_579.mat,0.280389231154
new_3_580.mat,0.40424283239
new_3_581.mat,0.405374532389
new_3_582.mat,0.222619693458
new_3_583.mat,0.136797041635
new_3_584.mat,0.197794565805
new_3_585.mat,0.123644147049
new_3_586.mat,0.372886142612
new_3_587.mat,0.503564260097
new_3_588.mat,0.169062631517
new_3_589.mat,0.303677396939
new_3_590.mat,0.257305595948
new_3_591.mat,0.302008335272
new_3_592.mat,0.282303185495
new_3_593.mat,0.381079875614
new_3_594.mat,0.354224602728
new_3_595.mat,0.488704877746
new_3_596.mat,0.37282727651
new_3_597.mat,0.31110412941
new_3_598.mat,0.523117532676
new_3_599.mat,0.407114247425
new_3_600.mat,0.27191134013
new_3_601.mat,0.34810006408
new_3_602.mat,0.534763218212
new_3_603.mat,0.24412074824
new_3_604.mat,0.100902000124
new_3_605.mat,0.500071835482
new_3_606.mat,0.310318851228
new_3_607.mat,0.0743580850701
new_3_608.mat,0.348881487243
new_3_609.mat,0.515549433113
new_3_610.mat,0.142183739404
new_3_611.mat,0.16965782949
new_3_612.mat,0.3718232115
new_3_613.mat,0.439037536799
new_3_614.mat,0.457330184975
new_3_615.mat,0.374453729453
new_3_616.mat,0.476308551977
new_3_617.mat,0.178691791923
new_3_618.mat,0.323948152688
new_3_619.mat,0.316454259868
new_3_620.mat,0.402066573478
new_3_621.mat,0.48502430513
new_3_622.mat,0.106507939153
new_3_623.mat,0.307814254534
new_3_624.mat,0.248373901698
new_3_625.mat,0.286033070804
new_3_626.mat,0.393625441394
new_3_627.mat,0.468643728825
new_3_628.mat,0.310473370504
new_3_629.mat,0.265429619834
new_3_630.mat,0.207351466005
new_3_631.mat,0.415284950678
new_3_632.mat,0.411482419538
new_3_633.mat,0.312981940077
new_3_634.mat,0.367994866017
new_3_635.mat,0.333945470122
new_3_636.mat,0.350827538827
new_3_637.mat,0.352742893828
new_3_638.mat,0.543849607544
new_3_639.mat,0.329256222966
new_3_640.mat,0.349668837939
new_3_641.mat,0.526710118634
new_3_642.mat,0.141035180064
new_3_643.mat,0.268695102324
new_3_644.mat,0.251827850578
new_3_645.mat,0.42327687724
new_3_646.mat,0.355946404916
new_3_647.mat,0.0830738347766
new_3_648.mat,0.415467191715
new_3_649.mat,0.648708824081
new_3_650.mat,0.446458375912
new_3_651.mat,0.523443027087
new_3_652.mat,0.439650193306
new_3_653.mat,0.359525623836
new_3_654.mat,0.4238863577
new_3_655.mat,0.306284524152
new_3_656.mat,0.246813704144
new_3_657.mat,0.358943440814
new_3_658.mat,0.552362874849
new_3_659.mat,0.18545575702
new_3_660.mat,0.396932603041
new_3_661.mat,0.308269932293
new_3_662.mat,0.266373070842
new_3_663.mat,0.36550393655
new_3_664.mat,0.381921972645
new_3_665.mat,0.451668897997
new_3_666.mat,0.575259103183
new_3_667.mat,0.389045044627
new_3_668.mat,0.312831914238
new_3_669.mat,0.423092714591
new_3_670.mat,0.303807790062
new_3_671.mat,0.337216029783
new_3_672.mat,0.113986255554
new_3_673.mat,0.510071482259
new_3_674.mat,0.462360827515
new_3_675.mat,0.51012715454
new_3_676.mat,0.42178881454
new_3_677.mat,0.406557693498
new_3_678.mat,0.384914734003
new_3_679.mat,0.429273423265
new_3_680.mat,0.0923197335064
new_3_681.mat,0.05233725414
new_3_682.mat,0.0784045265463
new_3_683.mat,0.395478722505
new_3_684.mat,0.33967668965
new_3_685.mat,0.354556947662
new_3_686.mat,0.131321536085
new_3_687.mat,0.213085933075
new_3_688.mat,0.448310293045
new_3_689.mat,0.364554698425
new_3_690.mat,0.308662734774
